To honour the JVM settings for this build a single-use Daemon process will be forked. For more on this, please refer to https://docs.gradle.org/9.5.1/userguide/gradle_daemon.html#sec:disabling_the_daemon in the Gradle documentation.
Daemon will be stopped at the end of the build 
> Task :compileJava UP-TO-DATE
> Task :processResources
> Task :classes
> Task :resolveMainClassName

> Task :bootRun

  .   ____          _            __ _ _
 /\\ / ___'_ __ _ _(_)_ __  __ _ \ \ \ \
( ( )\___ | '_ | '_| | '_ \/ _` | \ \ \ \
 \\/  ___)| |_)| | | | | || (_| |  ) ) ) )
  '  |____| .__|_| |_|_| |_\__, | / / / /
 =========|_|==============|___/=/_/_/_/

 :: Spring Boot ::                (v4.1.0)

2026-07-08T22:33:23.328+05:00  INFO 61792 --- [channelpulse] [           main] o.example.pulse_ai.PulseAiApplication    : Starting PulseAiApplication using Java 17.0.10 with PID 61792 (C:\Users\ilari\OneDrive\Desktop\Pulse_AI\build\classes\java\main started by ilari in C:\Users\ilari\OneDrive\Desktop\Pulse_AI)
2026-07-08T22:33:23.335+05:00  INFO 61792 --- [channelpulse] [           main] o.example.pulse_ai.PulseAiApplication    : No active profile set, falling back to 1 default profile: "default"
2026-07-08T22:33:25.179+05:00  INFO 61792 --- [channelpulse] [           main] .s.d.r.c.RepositoryConfigurationDelegate : Multiple Spring Data modules found, entering strict repository configuration mode
2026-07-08T22:33:25.185+05:00  INFO 61792 --- [channelpulse] [           main] .s.d.r.c.RepositoryConfigurationDelegate : Bootstrapping Spring Data JPA repositories in DEFAULT mode.
2026-07-08T22:33:25.724+05:00  INFO 61792 --- [channelpulse] [           main] .s.d.r.c.RepositoryConfigurationDelegate : Finished Spring Data repository scanning in 500 ms. Found 7 JPA repository interfaces.
2026-07-08T22:33:25.829+05:00  INFO 61792 --- [channelpulse] [           main] .s.d.r.c.RepositoryConfigurationDelegate : Multiple Spring Data modules found, entering strict repository configuration mode
2026-07-08T22:33:25.832+05:00  INFO 61792 --- [channelpulse] [           main] .s.d.r.c.RepositoryConfigurationDelegate : Bootstrapping Spring Data Redis repositories in DEFAULT mode.
2026-07-08T22:33:25.870+05:00  INFO 61792 --- [channelpulse] [           main] .RepositoryConfigurationExtensionSupport : Spring Data Redis - Could not safely identify store assignment for repository candidate interface org.example.pulse_ai.persistence.repository.AnalysisRequestRepository; If you want this repository to be a Redis repository, consider annotating your entities with one of these annotations: org.springframework.data.redis.core.RedisHash (preferred), or consider extending one of the following types with your repository: org.springframework.data.keyvalue.repository.KeyValueRepository
2026-07-08T22:33:25.871+05:00  INFO 61792 --- [channelpulse] [           main] .RepositoryConfigurationExtensionSupport : Spring Data Redis - Could not safely identify store assignment for repository candidate interface org.example.pulse_ai.persistence.repository.AnalysisSnapshotRepository; If you want this repository to be a Redis repository, consider annotating your entities with one of these annotations: org.springframework.data.redis.core.RedisHash (preferred), or consider extending one of the following types with your repository: org.springframework.data.keyvalue.repository.KeyValueRepository
2026-07-08T22:33:25.872+05:00  INFO 61792 --- [channelpulse] [           main] .RepositoryConfigurationExtensionSupport : Spring Data Redis - Could not safely identify store assignment for repository candidate interface org.example.pulse_ai.persistence.repository.ChannelPostRepository; If you want this repository to be a Redis repository, consider annotating your entities with one of these annotations: org.springframework.data.redis.core.RedisHash (preferred), or consider extending one of the following types with your repository: org.springframework.data.keyvalue.repository.KeyValueRepository
2026-07-08T22:33:25.872+05:00  INFO 61792 --- [channelpulse] [           main] .RepositoryConfigurationExtensionSupport : Spring Data Redis - Could not safely identify store assignment for repository candidate interface org.example.pulse_ai.persistence.repository.ChannelRepository; If you want this repository to be a Redis repository, consider annotating your entities with one of these annotations: org.springframework.data.redis.core.RedisHash (preferred), or consider extending one of the following types with your repository: org.springframework.data.keyvalue.repository.KeyValueRepository
2026-07-08T22:33:25.873+05:00  INFO 61792 --- [channelpulse] [           main] .RepositoryConfigurationExtensionSupport : Spring Data Redis - Could not safely identify store assignment for repository candidate interface org.example.pulse_ai.persistence.repository.ContentIdeaRepository; If you want this repository to be a Redis repository, consider annotating your entities with one of these annotations: org.springframework.data.redis.core.RedisHash (preferred), or consider extending one of the following types with your repository: org.springframework.data.keyvalue.repository.KeyValueRepository
2026-07-08T22:33:25.873+05:00  INFO 61792 --- [channelpulse] [           main] .RepositoryConfigurationExtensionSupport : Spring Data Redis - Could not safely identify store assignment for repository candidate interface org.example.pulse_ai.persistence.repository.PackageRepository; If you want this repository to be a Redis repository, consider annotating your entities with one of these annotations: org.springframework.data.redis.core.RedisHash (preferred), or consider extending one of the following types with your repository: org.springframework.data.keyvalue.repository.KeyValueRepository
2026-07-08T22:33:25.874+05:00  INFO 61792 --- [channelpulse] [           main] .RepositoryConfigurationExtensionSupport : Spring Data Redis - Could not safely identify store assignment for repository candidate interface org.example.pulse_ai.persistence.repository.UserRepository; If you want this repository to be a Redis repository, consider annotating your entities with one of these annotations: org.springframework.data.redis.core.RedisHash (preferred), or consider extending one of the following types with your repository: org.springframework.data.keyvalue.repository.KeyValueRepository
2026-07-08T22:33:25.874+05:00  INFO 61792 --- [channelpulse] [           main] .s.d.r.c.RepositoryConfigurationDelegate : Finished Spring Data repository scanning in 20 ms. Found 0 Redis repository interfaces.
2026-07-08T22:33:27.884+05:00  INFO 61792 --- [channelpulse] [           main] o.s.boot.tomcat.TomcatWebServer          : Tomcat initialized with port 8081 (http)
2026-07-08T22:33:27.921+05:00  INFO 61792 --- [channelpulse] [           main] o.apache.catalina.core.StandardService   : Starting service [Tomcat]
2026-07-08T22:33:27.922+05:00  INFO 61792 --- [channelpulse] [           main] o.apache.catalina.core.StandardEngine    : Starting Servlet engine: [Apache Tomcat/11.0.22]
2026-07-08T22:33:28.061+05:00  INFO 61792 --- [channelpulse] [           main] b.w.c.s.WebApplicationContextInitializer : Root WebApplicationContext: initialization completed in 4623 ms
2026-07-08T22:33:28.668+05:00  INFO 61792 --- [channelpulse] [           main] org.hibernate.orm.jpa                    : HHH008540: Processing PersistenceUnitInfo [name: default]
2026-07-08T22:33:28.858+05:00  INFO 61792 --- [channelpulse] [           main] org.hibernate.orm.core                   : HHH000001: Hibernate ORM core version 7.4.1.Final
2026-07-08T22:33:30.228+05:00  INFO 61792 --- [channelpulse] [           main] o.s.o.j.p.SpringPersistenceUnitInfo      : No LoadTimeWeaver setup: ignoring JPA class transformer
2026-07-08T22:33:30.344+05:00  INFO 61792 --- [channelpulse] [           main] com.zaxxer.hikari.HikariDataSource       : HikariPool-1 - Starting...
2026-07-08T22:33:35.212+05:00  INFO 61792 --- [channelpulse] [           main] com.zaxxer.hikari.pool.HikariPool        : HikariPool-1 - Added connection conn1: url=jdbc:h2:file:./data/channelpulse user=SA
2026-07-08T22:33:35.217+05:00  INFO 61792 --- [channelpulse] [           main] com.zaxxer.hikari.HikariDataSource       : HikariPool-1 - Start completed.
2026-07-08T22:33:35.433+05:00  INFO 61792 --- [channelpulse] [           main] org.hibernate.orm.connections.pooling    : HHH10001005: Database info:
	Database JDBC URL [jdbc:h2:file:./data/channelpulse]
	Database driver: H2 JDBC Driver
	Database dialect: H2Dialect
	Database version: 2.4.240
	Default catalog/schema: CHANNELPULSE/PUBLIC
	Autocommit mode: undefined/unknown
	Isolation level: READ_COMMITTED [default READ_COMMITTED]
	JDBC fetch size: 100
	Pool: DataSourceConnectionProvider
	Minimum pool size: undefined/unknown
	Maximum pool size: undefined/unknown
2026-07-08T22:33:38.838+05:00  INFO 61792 --- [channelpulse] [           main] org.hibernate.orm.core                   : HHH000489: No JTA platform available (set 'hibernate.transaction.jta.platform' to enable JTA platform integration)
2026-07-08T22:33:38.973+05:00  INFO 61792 --- [channelpulse] [           main] j.LocalContainerEntityManagerFactoryBean : Initialized JPA EntityManagerFactory for persistence unit 'default'
2026-07-08T22:33:39.135+05:00  INFO 61792 --- [channelpulse] [           main] o.s.d.j.r.query.QueryEnhancerFactories   : Hibernate is in classpath; If applicable, HQL parser will be used.
2026-07-08T22:33:40.517+05:00  INFO 61792 --- [channelpulse] [           main] o.s.v.b.OptionalValidatorFactoryBean     : Failed to set up a Bean Validation provider: jakarta.validation.NoProviderFoundException: Unable to create a Configuration, because no Jakarta Validation provider could be found. Add a provider like Hibernate Validator (RI) to your classpath.
2026-07-08T22:33:43.005+05:00  INFO 61792 --- [channelpulse] [           main] o.s.b.a.e.web.EndpointLinksResolver      : Exposing 2 endpoints beneath base path '/actuator'
2026-07-08T22:33:43.163+05:00  INFO 61792 --- [channelpulse] [           main] o.s.boot.tomcat.TomcatWebServer          : Tomcat started on port 8081 (http) with context path '/'
2026-07-08T22:33:43.182+05:00  INFO 61792 --- [channelpulse] [           main] o.example.pulse_ai.PulseAiApplication    : Started PulseAiApplication in 20.809 seconds (process running for 21.742)
2026-07-08T22:33:44.468+05:00  INFO 61792 --- [channelpulse] [           main] o.e.p.t.TelegramConnectivityChecker      : ╤т ч№ ё api.telegram.org OK (HTTP 302)
2026-07-08T22:33:45.130+05:00  INFO 61792 --- [channelpulse] [           main] o.e.p.telegram.TelegramBotStartup        : Telegram webhook ёсЁю°хэ, шёяюы№чєхь long polling
2026-07-08T22:33:45.224+05:00  INFO 61792 --- [channelpulse] [           main] o.e.p.telegram.TelegramBotStartup        : Telegram-сюЄ @Pulsse_AI_bot чрЁхушёЄЁшЁютрэ, юцшфрхь ёююс∙хэш 
2026-07-08T23:38:37.625+05:00 ERROR 61792 --- [channelpulse] [gram Connection] o.t.t.u.DefaultBotSession                : Connect to api.telegram.org:443 [api.telegram.org/149.154.166.110] failed: Connection timed out: no further information

org.apache.http.conn.HttpHostConnectException: Connect to api.telegram.org:443 [api.telegram.org/149.154.166.110] failed: Connection timed out: no further information
	at org.apache.http.impl.conn.DefaultHttpClientConnectionOperator.connect(DefaultHttpClientConnectionOperator.java:156) ~[httpclient-4.5.14.jar:4.5.14]
	at org.apache.http.impl.conn.PoolingHttpClientConnectionManager.connect(PoolingHttpClientConnectionManager.java:376) ~[httpclient-4.5.14.jar:4.5.14]
	at org.apache.http.impl.execchain.MainClientExec.establishRoute(MainClientExec.java:393) ~[httpclient-4.5.14.jar:4.5.14]
	at org.apache.http.impl.execchain.MainClientExec.execute(MainClientExec.java:236) ~[httpclient-4.5.14.jar:4.5.14]
	at org.apache.http.impl.execchain.ProtocolExec.execute(ProtocolExec.java:186) ~[httpclient-4.5.14.jar:4.5.14]
	at org.apache.http.impl.execchain.RetryExec.execute(RetryExec.java:89) ~[httpclient-4.5.14.jar:4.5.14]
	at org.apache.http.impl.execchain.RedirectExec.execute(RedirectExec.java:110) ~[httpclient-4.5.14.jar:4.5.14]
	at org.apache.http.impl.client.InternalHttpClient.doExecute(InternalHttpClient.java:185) ~[httpclient-4.5.14.jar:4.5.14]
	at org.apache.http.impl.client.CloseableHttpClient.execute(CloseableHttpClient.java:83) ~[httpclient-4.5.14.jar:4.5.14]
	at org.telegram.telegrambots.updatesreceivers.DefaultBotSession$ReaderThread.getUpdatesFromServer(DefaultBotSession.java:249) ~[telegrambots-6.9.7.1.jar:na]
	at org.telegram.telegrambots.updatesreceivers.DefaultBotSession$ReaderThread.run(DefaultBotSession.java:188) ~[telegrambots-6.9.7.1.jar:na]
Caused by: java.net.ConnectException: Connection timed out: no further information
	at java.base/sun.nio.ch.Net.pollConnect(Native Method) ~[na:na]
	at java.base/sun.nio.ch.Net.pollConnectNow(Net.java:672) ~[na:na]
	at java.base/sun.nio.ch.NioSocketImpl.timedFinishConnect(NioSocketImpl.java:554) ~[na:na]
	at java.base/sun.nio.ch.NioSocketImpl.connect(NioSocketImpl.java:602) ~[na:na]
	at java.base/java.net.SocksSocketImpl.connect(SocksSocketImpl.java:327) ~[na:na]
	at java.base/java.net.Socket.connect(Socket.java:633) ~[na:na]
	at org.apache.http.conn.ssl.SSLConnectionSocketFactory.connectSocket(SSLConnectionSocketFactory.java:368) ~[httpclient-4.5.14.jar:4.5.14]
	at org.apache.http.impl.conn.DefaultHttpClientConnectionOperator.connect(DefaultHttpClientConnectionOperator.java:142) ~[httpclient-4.5.14.jar:4.5.14]
	... 10 common frames omitted

2026-07-09T00:55:26.921+05:00 ERROR 61792 --- [channelpulse] [gram Connection] o.t.t.u.DefaultBotSession                : Connect to api.telegram.org:443 [api.telegram.org/149.154.166.110] failed: Connection timed out: no further information

org.apache.http.conn.HttpHostConnectException: Connect to api.telegram.org:443 [api.telegram.org/149.154.166.110] failed: Connection timed out: no further information
	at org.apache.http.impl.conn.DefaultHttpClientConnectionOperator.connect(DefaultHttpClientConnectionOperator.java:156) ~[httpclient-4.5.14.jar:4.5.14]
	at org.apache.http.impl.conn.PoolingHttpClientConnectionManager.connect(PoolingHttpClientConnectionManager.java:376) ~[httpclient-4.5.14.jar:4.5.14]
	at org.apache.http.impl.execchain.MainClientExec.establishRoute(MainClientExec.java:393) ~[httpclient-4.5.14.jar:4.5.14]
	at org.apache.http.impl.execchain.MainClientExec.execute(MainClientExec.java:236) ~[httpclient-4.5.14.jar:4.5.14]
	at org.apache.http.impl.execchain.ProtocolExec.execute(ProtocolExec.java:186) ~[httpclient-4.5.14.jar:4.5.14]
	at org.apache.http.impl.execchain.RetryExec.execute(RetryExec.java:89) ~[httpclient-4.5.14.jar:4.5.14]
	at org.apache.http.impl.execchain.RedirectExec.execute(RedirectExec.java:110) ~[httpclient-4.5.14.jar:4.5.14]
	at org.apache.http.impl.client.InternalHttpClient.doExecute(InternalHttpClient.java:185) ~[httpclient-4.5.14.jar:4.5.14]
	at org.apache.http.impl.client.CloseableHttpClient.execute(CloseableHttpClient.java:83) ~[httpclient-4.5.14.jar:4.5.14]
	at org.telegram.telegrambots.updatesreceivers.DefaultBotSession$ReaderThread.getUpdatesFromServer(DefaultBotSession.java:249) ~[telegrambots-6.9.7.1.jar:na]
	at org.telegram.telegrambots.updatesreceivers.DefaultBotSession$ReaderThread.run(DefaultBotSession.java:188) ~[telegrambots-6.9.7.1.jar:na]
Caused by: java.net.ConnectException: Connection timed out: no further information
	at java.base/sun.nio.ch.Net.pollConnect(Native Method) ~[na:na]
	at java.base/sun.nio.ch.Net.pollConnectNow(Net.java:672) ~[na:na]
	at java.base/sun.nio.ch.NioSocketImpl.timedFinishConnect(NioSocketImpl.java:554) ~[na:na]
	at java.base/sun.nio.ch.NioSocketImpl.connect(NioSocketImpl.java:602) ~[na:na]
	at java.base/java.net.SocksSocketImpl.connect(SocksSocketImpl.java:327) ~[na:na]
	at java.base/java.net.Socket.connect(Socket.java:633) ~[na:na]
	at org.apache.http.conn.ssl.SSLConnectionSocketFactory.connectSocket(SSLConnectionSocketFactory.java:368) ~[httpclient-4.5.14.jar:4.5.14]
	at org.apache.http.impl.conn.DefaultHttpClientConnectionOperator.connect(DefaultHttpClientConnectionOperator.java:142) ~[httpclient-4.5.14.jar:4.5.14]
	... 10 common frames omitted

2026-07-09T00:55:48.483+05:00 ERROR 61792 --- [channelpulse] [gram Connection] o.t.t.u.DefaultBotSession                : Connect to api.telegram.org:443 [api.telegram.org/149.154.166.110] failed: Connection timed out: no further information

org.apache.http.conn.HttpHostConnectException: Connect to api.telegram.org:443 [api.telegram.org/149.154.166.110] failed: Connection timed out: no further information
	at org.apache.http.impl.conn.DefaultHttpClientConnectionOperator.connect(DefaultHttpClientConnectionOperator.java:156) ~[httpclient-4.5.14.jar:4.5.14]
	at org.apache.http.impl.conn.PoolingHttpClientConnectionManager.connect(PoolingHttpClientConnectionManager.java:376) ~[httpclient-4.5.14.jar:4.5.14]
	at org.apache.http.impl.execchain.MainClientExec.establishRoute(MainClientExec.java:393) ~[httpclient-4.5.14.jar:4.5.14]
	at org.apache.http.impl.execchain.MainClientExec.execute(MainClientExec.java:236) ~[httpclient-4.5.14.jar:4.5.14]
	at org.apache.http.impl.execchain.ProtocolExec.execute(ProtocolExec.java:186) ~[httpclient-4.5.14.jar:4.5.14]
	at org.apache.http.impl.execchain.RetryExec.execute(RetryExec.java:89) ~[httpclient-4.5.14.jar:4.5.14]
	at org.apache.http.impl.execchain.RedirectExec.execute(RedirectExec.java:110) ~[httpclient-4.5.14.jar:4.5.14]
	at org.apache.http.impl.client.InternalHttpClient.doExecute(InternalHttpClient.java:185) ~[httpclient-4.5.14.jar:4.5.14]
	at org.apache.http.impl.client.CloseableHttpClient.execute(CloseableHttpClient.java:83) ~[httpclient-4.5.14.jar:4.5.14]
	at org.telegram.telegrambots.updatesreceivers.DefaultBotSession$ReaderThread.getUpdatesFromServer(DefaultBotSession.java:249) ~[telegrambots-6.9.7.1.jar:na]
	at org.telegram.telegrambots.updatesreceivers.DefaultBotSession$ReaderThread.run(DefaultBotSession.java:188) ~[telegrambots-6.9.7.1.jar:na]
Caused by: java.net.ConnectException: Connection timed out: no further information
	at java.base/sun.nio.ch.Net.pollConnect(Native Method) ~[na:na]
	at java.base/sun.nio.ch.Net.pollConnectNow(Net.java:672) ~[na:na]
	at java.base/sun.nio.ch.NioSocketImpl.timedFinishConnect(NioSocketImpl.java:554) ~[na:na]
	at java.base/sun.nio.ch.NioSocketImpl.connect(NioSocketImpl.java:602) ~[na:na]
	at java.base/java.net.SocksSocketImpl.connect(SocksSocketImpl.java:327) ~[na:na]
	at java.base/java.net.Socket.connect(Socket.java:633) ~[na:na]
	at org.apache.http.conn.ssl.SSLConnectionSocketFactory.connectSocket(SSLConnectionSocketFactory.java:368) ~[httpclient-4.5.14.jar:4.5.14]
	at org.apache.http.impl.conn.DefaultHttpClientConnectionOperator.connect(DefaultHttpClientConnectionOperator.java:142) ~[httpclient-4.5.14.jar:4.5.14]
	... 10 common frames omitted

2026-07-09T00:57:49.033+05:00 ERROR 61792 --- [channelpulse] [gram Connection] o.t.t.u.DefaultBotSession                : Connect to api.telegram.org:443 [api.telegram.org/149.154.166.110] failed: Read timed out

org.apache.http.conn.ConnectTimeoutException: Connect to api.telegram.org:443 [api.telegram.org/149.154.166.110] failed: Read timed out
	at org.apache.http.impl.conn.DefaultHttpClientConnectionOperator.connect(DefaultHttpClientConnectionOperator.java:151) ~[httpclient-4.5.14.jar:4.5.14]
	at org.apache.http.impl.conn.PoolingHttpClientConnectionManager.connect(PoolingHttpClientConnectionManager.java:376) ~[httpclient-4.5.14.jar:4.5.14]
	at org.apache.http.impl.execchain.MainClientExec.establishRoute(MainClientExec.java:393) ~[httpclient-4.5.14.jar:4.5.14]
	at org.apache.http.impl.execchain.MainClientExec.execute(MainClientExec.java:236) ~[httpclient-4.5.14.jar:4.5.14]
	at org.apache.http.impl.execchain.ProtocolExec.execute(ProtocolExec.java:186) ~[httpclient-4.5.14.jar:4.5.14]
	at org.apache.http.impl.execchain.RetryExec.execute(RetryExec.java:89) ~[httpclient-4.5.14.jar:4.5.14]
	at org.apache.http.impl.execchain.RedirectExec.execute(RedirectExec.java:110) ~[httpclient-4.5.14.jar:4.5.14]
	at org.apache.http.impl.client.InternalHttpClient.doExecute(InternalHttpClient.java:185) ~[httpclient-4.5.14.jar:4.5.14]
	at org.apache.http.impl.client.CloseableHttpClient.execute(CloseableHttpClient.java:83) ~[httpclient-4.5.14.jar:4.5.14]
	at org.telegram.telegrambots.updatesreceivers.DefaultBotSession$ReaderThread.getUpdatesFromServer(DefaultBotSession.java:249) ~[telegrambots-6.9.7.1.jar:na]
	at org.telegram.telegrambots.updatesreceivers.DefaultBotSession$ReaderThread.run(DefaultBotSession.java:188) ~[telegrambots-6.9.7.1.jar:na]
Caused by: java.net.SocketTimeoutException: Read timed out
	at java.base/sun.nio.ch.NioSocketImpl.timedRead(NioSocketImpl.java:288) ~[na:na]
	at java.base/sun.nio.ch.NioSocketImpl.implRead(NioSocketImpl.java:314) ~[na:na]
	at java.base/sun.nio.ch.NioSocketImpl.read(NioSocketImpl.java:355) ~[na:na]
	at java.base/sun.nio.ch.NioSocketImpl$1.read(NioSocketImpl.java:808) ~[na:na]
	at java.base/java.net.Socket$SocketInputStream.read(Socket.java:966) ~[na:na]
	at java.base/sun.security.ssl.SSLSocketInputRecord.read(SSLSocketInputRecord.java:484) ~[na:na]
	at java.base/sun.security.ssl.SSLSocketInputRecord.readHeader(SSLSocketInputRecord.java:478) ~[na:na]
	at java.base/sun.security.ssl.SSLSocketInputRecord.decode(SSLSocketInputRecord.java:160) ~[na:na]
	at java.base/sun.security.ssl.SSLTransport.decode(SSLTransport.java:111) ~[na:na]
	at java.base/sun.security.ssl.SSLSocketImpl.decode(SSLSocketImpl.java:1506) ~[na:na]
	at java.base/sun.security.ssl.SSLSocketImpl.readHandshakeRecord(SSLSocketImpl.java:1421) ~[na:na]
	at java.base/sun.security.ssl.SSLSocketImpl.startHandshake(SSLSocketImpl.java:455) ~[na:na]
	at java.base/sun.security.ssl.SSLSocketImpl.startHandshake(SSLSocketImpl.java:426) ~[na:na]
	at org.apache.http.conn.ssl.SSLConnectionSocketFactory.createLayeredSocket(SSLConnectionSocketFactory.java:436) ~[httpclient-4.5.14.jar:4.5.14]
	at org.apache.http.conn.ssl.SSLConnectionSocketFactory.connectSocket(SSLConnectionSocketFactory.java:384) ~[httpclient-4.5.14.jar:4.5.14]
	at org.apache.http.impl.conn.DefaultHttpClientConnectionOperator.connect(DefaultHttpClientConnectionOperator.java:142) ~[httpclient-4.5.14.jar:4.5.14]
	... 10 common frames omitted

2026-07-09T10:08:50.536+05:00 ERROR 61792 --- [channelpulse] [gram Connection] o.t.t.u.DefaultBotSession                : Connection reset

java.net.SocketException: Connection reset
	at java.base/sun.nio.ch.NioSocketImpl.implRead(NioSocketImpl.java:328) ~[na:na]
	at java.base/sun.nio.ch.NioSocketImpl.read(NioSocketImpl.java:355) ~[na:na]
	at java.base/sun.nio.ch.NioSocketImpl$1.read(NioSocketImpl.java:808) ~[na:na]
	at java.base/java.net.Socket$SocketInputStream.read(Socket.java:966) ~[na:na]
	at java.base/sun.security.ssl.SSLSocketInputRecord.read(SSLSocketInputRecord.java:484) ~[na:na]
	at java.base/sun.security.ssl.SSLSocketInputRecord.readHeader(SSLSocketInputRecord.java:478) ~[na:na]
	at java.base/sun.security.ssl.SSLSocketInputRecord.bytesInCompletePacket(SSLSocketInputRecord.java:70) ~[na:na]
	at java.base/sun.security.ssl.SSLSocketImpl.readApplicationRecord(SSLSocketImpl.java:1461) ~[na:na]
	at java.base/sun.security.ssl.SSLSocketImpl$AppInputStream.read(SSLSocketImpl.java:1065) ~[na:na]
	at org.apache.http.impl.io.SessionInputBufferImpl.streamRead(SessionInputBufferImpl.java:137) ~[httpcore-4.4.16.jar:4.4.16]
	at org.apache.http.impl.io.SessionInputBufferImpl.fillBuffer(SessionInputBufferImpl.java:153) ~[httpcore-4.4.16.jar:4.4.16]
	at org.apache.http.impl.io.SessionInputBufferImpl.readLine(SessionInputBufferImpl.java:280) ~[httpcore-4.4.16.jar:4.4.16]
	at org.apache.http.impl.conn.DefaultHttpResponseParser.parseHead(DefaultHttpResponseParser.java:138) ~[httpclient-4.5.14.jar:4.5.14]
	at org.apache.http.impl.conn.DefaultHttpResponseParser.parseHead(DefaultHttpResponseParser.java:56) ~[httpclient-4.5.14.jar:4.5.14]
	at org.apache.http.impl.io.AbstractMessageParser.parse(AbstractMessageParser.java:259) ~[httpcore-4.4.16.jar:4.4.16]
	at org.apache.http.impl.DefaultBHttpClientConnection.receiveResponseHeader(DefaultBHttpClientConnection.java:163) ~[httpcore-4.4.16.jar:4.4.16]
	at org.apache.http.impl.conn.CPoolProxy.receiveResponseHeader(CPoolProxy.java:157) ~[httpclient-4.5.14.jar:4.5.14]
	at org.apache.http.protocol.HttpRequestExecutor.doReceiveResponse(HttpRequestExecutor.java:273) ~[httpcore-4.4.16.jar:4.4.16]
	at org.apache.http.protocol.HttpRequestExecutor.execute(HttpRequestExecutor.java:125) ~[httpcore-4.4.16.jar:4.4.16]
	at org.apache.http.impl.execchain.MainClientExec.execute(MainClientExec.java:272) ~[httpclient-4.5.14.jar:4.5.14]
	at org.apache.http.impl.execchain.ProtocolExec.execute(ProtocolExec.java:186) ~[httpclient-4.5.14.jar:4.5.14]
	at org.apache.http.impl.execchain.RetryExec.execute(RetryExec.java:89) ~[httpclient-4.5.14.jar:4.5.14]
	at org.apache.http.impl.execchain.RedirectExec.execute(RedirectExec.java:110) ~[httpclient-4.5.14.jar:4.5.14]
	at org.apache.http.impl.client.InternalHttpClient.doExecute(InternalHttpClient.java:185) ~[httpclient-4.5.14.jar:4.5.14]
	at org.apache.http.impl.client.CloseableHttpClient.execute(CloseableHttpClient.java:83) ~[httpclient-4.5.14.jar:4.5.14]
	at org.telegram.telegrambots.updatesreceivers.DefaultBotSession$ReaderThread.getUpdatesFromServer(DefaultBotSession.java:249) ~[telegrambots-6.9.7.1.jar:na]
	at org.telegram.telegrambots.updatesreceivers.DefaultBotSession$ReaderThread.run(DefaultBotSession.java:188) ~[telegrambots-6.9.7.1.jar:na]

2026-07-09T10:08:58.048+05:00  WARN 61792 --- [channelpulse] [l-1:housekeeper] com.zaxxer.hikari.pool.HikariPool        : HikariPool-1 - Thread starvation or clock leap detected (housekeeper delta=8h41m50s35ms260╡s400ns).
2026-07-09T10:09:12.480+05:00 ERROR 61792 --- [channelpulse] [gram Connection] o.t.t.u.DefaultBotSession                : Connect to api.telegram.org:443 [api.telegram.org/149.154.166.110] failed: Connection timed out: no further information

org.apache.http.conn.HttpHostConnectException: Connect to api.telegram.org:443 [api.telegram.org/149.154.166.110] failed: Connection timed out: no further information
	at org.apache.http.impl.conn.DefaultHttpClientConnectionOperator.connect(DefaultHttpClientConnectionOperator.java:156) ~[httpclient-4.5.14.jar:4.5.14]
	at org.apache.http.impl.conn.PoolingHttpClientConnectionManager.connect(PoolingHttpClientConnectionManager.java:376) ~[httpclient-4.5.14.jar:4.5.14]
	at org.apache.http.impl.execchain.MainClientExec.establishRoute(MainClientExec.java:393) ~[httpclient-4.5.14.jar:4.5.14]
	at org.apache.http.impl.execchain.MainClientExec.execute(MainClientExec.java:236) ~[httpclient-4.5.14.jar:4.5.14]
	at org.apache.http.impl.execchain.ProtocolExec.execute(ProtocolExec.java:186) ~[httpclient-4.5.14.jar:4.5.14]
	at org.apache.http.impl.execchain.RetryExec.execute(RetryExec.java:89) ~[httpclient-4.5.14.jar:4.5.14]
	at org.apache.http.impl.execchain.RedirectExec.execute(RedirectExec.java:110) ~[httpclient-4.5.14.jar:4.5.14]
	at org.apache.http.impl.client.InternalHttpClient.doExecute(InternalHttpClient.java:185) ~[httpclient-4.5.14.jar:4.5.14]
	at org.apache.http.impl.client.CloseableHttpClient.execute(CloseableHttpClient.java:83) ~[httpclient-4.5.14.jar:4.5.14]
	at org.telegram.telegrambots.updatesreceivers.DefaultBotSession$ReaderThread.getUpdatesFromServer(DefaultBotSession.java:249) ~[telegrambots-6.9.7.1.jar:na]
	at org.telegram.telegrambots.updatesreceivers.DefaultBotSession$ReaderThread.run(DefaultBotSession.java:188) ~[telegrambots-6.9.7.1.jar:na]
Caused by: java.net.ConnectException: Connection timed out: no further information
	at java.base/sun.nio.ch.Net.pollConnect(Native Method) ~[na:na]
	at java.base/sun.nio.ch.Net.pollConnectNow(Net.java:672) ~[na:na]
	at java.base/sun.nio.ch.NioSocketImpl.timedFinishConnect(NioSocketImpl.java:554) ~[na:na]
	at java.base/sun.nio.ch.NioSocketImpl.connect(NioSocketImpl.java:602) ~[na:na]
	at java.base/java.net.SocksSocketImpl.connect(SocksSocketImpl.java:327) ~[na:na]
	at java.base/java.net.Socket.connect(Socket.java:633) ~[na:na]
	at org.apache.http.conn.ssl.SSLConnectionSocketFactory.connectSocket(SSLConnectionSocketFactory.java:368) ~[httpclient-4.5.14.jar:4.5.14]
	at org.apache.http.impl.conn.DefaultHttpClientConnectionOperator.connect(DefaultHttpClientConnectionOperator.java:142) ~[httpclient-4.5.14.jar:4.5.14]
	... 10 common frames omitted

2026-07-09T10:09:34.023+05:00 ERROR 61792 --- [channelpulse] [gram Connection] o.t.t.u.DefaultBotSession                : Connect to api.telegram.org:443 [api.telegram.org/149.154.166.110] failed: Connection timed out: no further information

org.apache.http.conn.HttpHostConnectException: Connect to api.telegram.org:443 [api.telegram.org/149.154.166.110] failed: Connection timed out: no further information
	at org.apache.http.impl.conn.DefaultHttpClientConnectionOperator.connect(DefaultHttpClientConnectionOperator.java:156) ~[httpclient-4.5.14.jar:4.5.14]
	at org.apache.http.impl.conn.PoolingHttpClientConnectionManager.connect(PoolingHttpClientConnectionManager.java:376) ~[httpclient-4.5.14.jar:4.5.14]
	at org.apache.http.impl.execchain.MainClientExec.establishRoute(MainClientExec.java:393) ~[httpclient-4.5.14.jar:4.5.14]
	at org.apache.http.impl.execchain.MainClientExec.execute(MainClientExec.java:236) ~[httpclient-4.5.14.jar:4.5.14]
	at org.apache.http.impl.execchain.ProtocolExec.execute(ProtocolExec.java:186) ~[httpclient-4.5.14.jar:4.5.14]
	at org.apache.http.impl.execchain.RetryExec.execute(RetryExec.java:89) ~[httpclient-4.5.14.jar:4.5.14]
	at org.apache.http.impl.execchain.RedirectExec.execute(RedirectExec.java:110) ~[httpclient-4.5.14.jar:4.5.14]
	at org.apache.http.impl.client.InternalHttpClient.doExecute(InternalHttpClient.java:185) ~[httpclient-4.5.14.jar:4.5.14]
	at org.apache.http.impl.client.CloseableHttpClient.execute(CloseableHttpClient.java:83) ~[httpclient-4.5.14.jar:4.5.14]
	at org.telegram.telegrambots.updatesreceivers.DefaultBotSession$ReaderThread.getUpdatesFromServer(DefaultBotSession.java:249) ~[telegrambots-6.9.7.1.jar:na]
	at org.telegram.telegrambots.updatesreceivers.DefaultBotSession$ReaderThread.run(DefaultBotSession.java:188) ~[telegrambots-6.9.7.1.jar:na]
Caused by: java.net.ConnectException: Connection timed out: no further information
	at java.base/sun.nio.ch.Net.pollConnect(Native Method) ~[na:na]
	at java.base/sun.nio.ch.Net.pollConnectNow(Net.java:672) ~[na:na]
	at java.base/sun.nio.ch.NioSocketImpl.timedFinishConnect(NioSocketImpl.java:554) ~[na:na]
	at java.base/sun.nio.ch.NioSocketImpl.connect(NioSocketImpl.java:602) ~[na:na]
	at java.base/java.net.SocksSocketImpl.connect(SocksSocketImpl.java:327) ~[na:na]
	at java.base/java.net.Socket.connect(Socket.java:633) ~[na:na]
	at org.apache.http.conn.ssl.SSLConnectionSocketFactory.connectSocket(SSLConnectionSocketFactory.java:368) ~[httpclient-4.5.14.jar:4.5.14]
	at org.apache.http.impl.conn.DefaultHttpClientConnectionOperator.connect(DefaultHttpClientConnectionOperator.java:142) ~[httpclient-4.5.14.jar:4.5.14]
	... 10 common frames omitted

2026-07-09T10:09:55.769+05:00 ERROR 61792 --- [channelpulse] [gram Connection] o.t.t.u.DefaultBotSession                : Connect to api.telegram.org:443 [api.telegram.org/149.154.166.110] failed: Connection timed out: no further information

org.apache.http.conn.HttpHostConnectException: Connect to api.telegram.org:443 [api.telegram.org/149.154.166.110] failed: Connection timed out: no further information
	at org.apache.http.impl.conn.DefaultHttpClientConnectionOperator.connect(DefaultHttpClientConnectionOperator.java:156) ~[httpclient-4.5.14.jar:4.5.14]
	at org.apache.http.impl.conn.PoolingHttpClientConnectionManager.connect(PoolingHttpClientConnectionManager.java:376) ~[httpclient-4.5.14.jar:4.5.14]
	at org.apache.http.impl.execchain.MainClientExec.establishRoute(MainClientExec.java:393) ~[httpclient-4.5.14.jar:4.5.14]
	at org.apache.http.impl.execchain.MainClientExec.execute(MainClientExec.java:236) ~[httpclient-4.5.14.jar:4.5.14]
	at org.apache.http.impl.execchain.ProtocolExec.execute(ProtocolExec.java:186) ~[httpclient-4.5.14.jar:4.5.14]
	at org.apache.http.impl.execchain.RetryExec.execute(RetryExec.java:89) ~[httpclient-4.5.14.jar:4.5.14]
	at org.apache.http.impl.execchain.RedirectExec.execute(RedirectExec.java:110) ~[httpclient-4.5.14.jar:4.5.14]
	at org.apache.http.impl.client.InternalHttpClient.doExecute(InternalHttpClient.java:185) ~[httpclient-4.5.14.jar:4.5.14]
	at org.apache.http.impl.client.CloseableHttpClient.execute(CloseableHttpClient.java:83) ~[httpclient-4.5.14.jar:4.5.14]
	at org.telegram.telegrambots.updatesreceivers.DefaultBotSession$ReaderThread.getUpdatesFromServer(DefaultBotSession.java:249) ~[telegrambots-6.9.7.1.jar:na]
	at org.telegram.telegrambots.updatesreceivers.DefaultBotSession$ReaderThread.run(DefaultBotSession.java:188) ~[telegrambots-6.9.7.1.jar:na]
Caused by: java.net.ConnectException: Connection timed out: no further information
	at java.base/sun.nio.ch.Net.pollConnect(Native Method) ~[na:na]
	at java.base/sun.nio.ch.Net.pollConnectNow(Net.java:672) ~[na:na]
	at java.base/sun.nio.ch.NioSocketImpl.timedFinishConnect(NioSocketImpl.java:554) ~[na:na]
	at java.base/sun.nio.ch.NioSocketImpl.connect(NioSocketImpl.java:602) ~[na:na]
	at java.base/java.net.SocksSocketImpl.connect(SocksSocketImpl.java:327) ~[na:na]
	at java.base/java.net.Socket.connect(Socket.java:633) ~[na:na]
	at org.apache.http.conn.ssl.SSLConnectionSocketFactory.connectSocket(SSLConnectionSocketFactory.java:368) ~[httpclient-4.5.14.jar:4.5.14]
	at org.apache.http.impl.conn.DefaultHttpClientConnectionOperator.connect(DefaultHttpClientConnectionOperator.java:142) ~[httpclient-4.5.14.jar:4.5.14]
	... 10 common frames omitted

2026-07-09T10:10:17.318+05:00 ERROR 61792 --- [channelpulse] [gram Connection] o.t.t.u.DefaultBotSession                : Connect to api.telegram.org:443 [api.telegram.org/149.154.166.110] failed: Connection timed out: no further information

org.apache.http.conn.HttpHostConnectException: Connect to api.telegram.org:443 [api.telegram.org/149.154.166.110] failed: Connection timed out: no further information
	at org.apache.http.impl.conn.DefaultHttpClientConnectionOperator.connect(DefaultHttpClientConnectionOperator.java:156) ~[httpclient-4.5.14.jar:4.5.14]
	at org.apache.http.impl.conn.PoolingHttpClientConnectionManager.connect(PoolingHttpClientConnectionManager.java:376) ~[httpclient-4.5.14.jar:4.5.14]
	at org.apache.http.impl.execchain.MainClientExec.establishRoute(MainClientExec.java:393) ~[httpclient-4.5.14.jar:4.5.14]
	at org.apache.http.impl.execchain.MainClientExec.execute(MainClientExec.java:236) ~[httpclient-4.5.14.jar:4.5.14]
	at org.apache.http.impl.execchain.ProtocolExec.execute(ProtocolExec.java:186) ~[httpclient-4.5.14.jar:4.5.14]
	at org.apache.http.impl.execchain.RetryExec.execute(RetryExec.java:89) ~[httpclient-4.5.14.jar:4.5.14]
	at org.apache.http.impl.execchain.RedirectExec.execute(RedirectExec.java:110) ~[httpclient-4.5.14.jar:4.5.14]
	at org.apache.http.impl.client.InternalHttpClient.doExecute(InternalHttpClient.java:185) ~[httpclient-4.5.14.jar:4.5.14]
	at org.apache.http.impl.client.CloseableHttpClient.execute(CloseableHttpClient.java:83) ~[httpclient-4.5.14.jar:4.5.14]
	at org.telegram.telegrambots.updatesreceivers.DefaultBotSession$ReaderThread.getUpdatesFromServer(DefaultBotSession.java:249) ~[telegrambots-6.9.7.1.jar:na]
	at org.telegram.telegrambots.updatesreceivers.DefaultBotSession$ReaderThread.run(DefaultBotSession.java:188) ~[telegrambots-6.9.7.1.jar:na]
Caused by: java.net.ConnectException: Connection timed out: no further information
	at java.base/sun.nio.ch.Net.pollConnect(Native Method) ~[na:na]
	at java.base/sun.nio.ch.Net.pollConnectNow(Net.java:672) ~[na:na]
	at java.base/sun.nio.ch.NioSocketImpl.timedFinishConnect(NioSocketImpl.java:554) ~[na:na]
	at java.base/sun.nio.ch.NioSocketImpl.connect(NioSocketImpl.java:602) ~[na:na]
	at java.base/java.net.SocksSocketImpl.connect(SocksSocketImpl.java:327) ~[na:na]
	at java.base/java.net.Socket.connect(Socket.java:633) ~[na:na]
	at org.apache.http.conn.ssl.SSLConnectionSocketFactory.connectSocket(SSLConnectionSocketFactory.java:368) ~[httpclient-4.5.14.jar:4.5.14]
	at org.apache.http.impl.conn.DefaultHttpClientConnectionOperator.connect(DefaultHttpClientConnectionOperator.java:142) ~[httpclient-4.5.14.jar:4.5.14]
	... 10 common frames omitted

2026-07-09T10:10:38.880+05:00 ERROR 61792 --- [channelpulse] [gram Connection] o.t.t.u.DefaultBotSession                : Connect to api.telegram.org:443 [api.telegram.org/149.154.166.110] failed: Connection timed out: no further information

org.apache.http.conn.HttpHostConnectException: Connect to api.telegram.org:443 [api.telegram.org/149.154.166.110] failed: Connection timed out: no further information
	at org.apache.http.impl.conn.DefaultHttpClientConnectionOperator.connect(DefaultHttpClientConnectionOperator.java:156) ~[httpclient-4.5.14.jar:4.5.14]
	at org.apache.http.impl.conn.PoolingHttpClientConnectionManager.connect(PoolingHttpClientConnectionManager.java:376) ~[httpclient-4.5.14.jar:4.5.14]
	at org.apache.http.impl.execchain.MainClientExec.establishRoute(MainClientExec.java:393) ~[httpclient-4.5.14.jar:4.5.14]
	at org.apache.http.impl.execchain.MainClientExec.execute(MainClientExec.java:236) ~[httpclient-4.5.14.jar:4.5.14]
	at org.apache.http.impl.execchain.ProtocolExec.execute(ProtocolExec.java:186) ~[httpclient-4.5.14.jar:4.5.14]
	at org.apache.http.impl.execchain.RetryExec.execute(RetryExec.java:89) ~[httpclient-4.5.14.jar:4.5.14]
	at org.apache.http.impl.execchain.RedirectExec.execute(RedirectExec.java:110) ~[httpclient-4.5.14.jar:4.5.14]
	at org.apache.http.impl.client.InternalHttpClient.doExecute(InternalHttpClient.java:185) ~[httpclient-4.5.14.jar:4.5.14]
	at org.apache.http.impl.client.CloseableHttpClient.execute(CloseableHttpClient.java:83) ~[httpclient-4.5.14.jar:4.5.14]
	at org.telegram.telegrambots.updatesreceivers.DefaultBotSession$ReaderThread.getUpdatesFromServer(DefaultBotSession.java:249) ~[telegrambots-6.9.7.1.jar:na]
	at org.telegram.telegrambots.updatesreceivers.DefaultBotSession$ReaderThread.run(DefaultBotSession.java:188) ~[telegrambots-6.9.7.1.jar:na]
Caused by: java.net.ConnectException: Connection timed out: no further information
	at java.base/sun.nio.ch.Net.pollConnect(Native Method) ~[na:na]
	at java.base/sun.nio.ch.Net.pollConnectNow(Net.java:672) ~[na:na]
	at java.base/sun.nio.ch.NioSocketImpl.timedFinishConnect(NioSocketImpl.java:554) ~[na:na]
	at java.base/sun.nio.ch.NioSocketImpl.connect(NioSocketImpl.java:602) ~[na:na]
	at java.base/java.net.SocksSocketImpl.connect(SocksSocketImpl.java:327) ~[na:na]
	at java.base/java.net.Socket.connect(Socket.java:633) ~[na:na]
	at org.apache.http.conn.ssl.SSLConnectionSocketFactory.connectSocket(SSLConnectionSocketFactory.java:368) ~[httpclient-4.5.14.jar:4.5.14]
	at org.apache.http.impl.conn.DefaultHttpClientConnectionOperator.connect(DefaultHttpClientConnectionOperator.java:142) ~[httpclient-4.5.14.jar:4.5.14]
	... 10 common frames omitted

2026-07-09T10:11:00.449+05:00 ERROR 61792 --- [channelpulse] [gram Connection] o.t.t.u.DefaultBotSession                : Connect to api.telegram.org:443 [api.telegram.org/149.154.166.110] failed: Connection timed out: no further information

org.apache.http.conn.HttpHostConnectException: Connect to api.telegram.org:443 [api.telegram.org/149.154.166.110] failed: Connection timed out: no further information
	at org.apache.http.impl.conn.DefaultHttpClientConnectionOperator.connect(DefaultHttpClientConnectionOperator.java:156) ~[httpclient-4.5.14.jar:4.5.14]
	at org.apache.http.impl.conn.PoolingHttpClientConnectionManager.connect(PoolingHttpClientConnectionManager.java:376) ~[httpclient-4.5.14.jar:4.5.14]
	at org.apache.http.impl.execchain.MainClientExec.establishRoute(MainClientExec.java:393) ~[httpclient-4.5.14.jar:4.5.14]
	at org.apache.http.impl.execchain.MainClientExec.execute(MainClientExec.java:236) ~[httpclient-4.5.14.jar:4.5.14]
	at org.apache.http.impl.execchain.ProtocolExec.execute(ProtocolExec.java:186) ~[httpclient-4.5.14.jar:4.5.14]
	at org.apache.http.impl.execchain.RetryExec.execute(RetryExec.java:89) ~[httpclient-4.5.14.jar:4.5.14]
	at org.apache.http.impl.execchain.RedirectExec.execute(RedirectExec.java:110) ~[httpclient-4.5.14.jar:4.5.14]
	at org.apache.http.impl.client.InternalHttpClient.doExecute(InternalHttpClient.java:185) ~[httpclient-4.5.14.jar:4.5.14]
	at org.apache.http.impl.client.CloseableHttpClient.execute(CloseableHttpClient.java:83) ~[httpclient-4.5.14.jar:4.5.14]
	at org.telegram.telegrambots.updatesreceivers.DefaultBotSession$ReaderThread.getUpdatesFromServer(DefaultBotSession.java:249) ~[telegrambots-6.9.7.1.jar:na]
	at org.telegram.telegrambots.updatesreceivers.DefaultBotSession$ReaderThread.run(DefaultBotSession.java:188) ~[telegrambots-6.9.7.1.jar:na]
Caused by: java.net.ConnectException: Connection timed out: no further information
	at java.base/sun.nio.ch.Net.pollConnect(Native Method) ~[na:na]
	at java.base/sun.nio.ch.Net.pollConnectNow(Net.java:672) ~[na:na]
	at java.base/sun.nio.ch.NioSocketImpl.timedFinishConnect(NioSocketImpl.java:554) ~[na:na]
	at java.base/sun.nio.ch.NioSocketImpl.connect(NioSocketImpl.java:602) ~[na:na]
	at java.base/java.net.SocksSocketImpl.connect(SocksSocketImpl.java:327) ~[na:na]
	at java.base/java.net.Socket.connect(Socket.java:633) ~[na:na]
	at org.apache.http.conn.ssl.SSLConnectionSocketFactory.connectSocket(SSLConnectionSocketFactory.java:368) ~[httpclient-4.5.14.jar:4.5.14]
	at org.apache.http.impl.conn.DefaultHttpClientConnectionOperator.connect(DefaultHttpClientConnectionOperator.java:142) ~[httpclient-4.5.14.jar:4.5.14]
	... 10 common frames omitted

2026-07-09T10:11:21.975+05:00 ERROR 61792 --- [channelpulse] [gram Connection] o.t.t.u.DefaultBotSession                : Connect to api.telegram.org:443 [api.telegram.org/149.154.166.110] failed: Connection timed out: no further information

org.apache.http.conn.HttpHostConnectException: Connect to api.telegram.org:443 [api.telegram.org/149.154.166.110] failed: Connection timed out: no further information
	at org.apache.http.impl.conn.DefaultHttpClientConnectionOperator.connect(DefaultHttpClientConnectionOperator.java:156) ~[httpclient-4.5.14.jar:4.5.14]
	at org.apache.http.impl.conn.PoolingHttpClientConnectionManager.connect(PoolingHttpClientConnectionManager.java:376) ~[httpclient-4.5.14.jar:4.5.14]
	at org.apache.http.impl.execchain.MainClientExec.establishRoute(MainClientExec.java:393) ~[httpclient-4.5.14.jar:4.5.14]
	at org.apache.http.impl.execchain.MainClientExec.execute(MainClientExec.java:236) ~[httpclient-4.5.14.jar:4.5.14]
	at org.apache.http.impl.execchain.ProtocolExec.execute(ProtocolExec.java:186) ~[httpclient-4.5.14.jar:4.5.14]
	at org.apache.http.impl.execchain.RetryExec.execute(RetryExec.java:89) ~[httpclient-4.5.14.jar:4.5.14]
	at org.apache.http.impl.execchain.RedirectExec.execute(RedirectExec.java:110) ~[httpclient-4.5.14.jar:4.5.14]
	at org.apache.http.impl.client.InternalHttpClient.doExecute(InternalHttpClient.java:185) ~[httpclient-4.5.14.jar:4.5.14]
	at org.apache.http.impl.client.CloseableHttpClient.execute(CloseableHttpClient.java:83) ~[httpclient-4.5.14.jar:4.5.14]
	at org.telegram.telegrambots.updatesreceivers.DefaultBotSession$ReaderThread.getUpdatesFromServer(DefaultBotSession.java:249) ~[telegrambots-6.9.7.1.jar:na]
	at org.telegram.telegrambots.updatesreceivers.DefaultBotSession$ReaderThread.run(DefaultBotSession.java:188) ~[telegrambots-6.9.7.1.jar:na]
Caused by: java.net.ConnectException: Connection timed out: no further information
	at java.base/sun.nio.ch.Net.pollConnect(Native Method) ~[na:na]
	at java.base/sun.nio.ch.Net.pollConnectNow(Net.java:672) ~[na:na]
	at java.base/sun.nio.ch.NioSocketImpl.timedFinishConnect(NioSocketImpl.java:554) ~[na:na]
	at java.base/sun.nio.ch.NioSocketImpl.connect(NioSocketImpl.java:602) ~[na:na]
	at java.base/java.net.SocksSocketImpl.connect(SocksSocketImpl.java:327) ~[na:na]
	at java.base/java.net.Socket.connect(Socket.java:633) ~[na:na]
	at org.apache.http.conn.ssl.SSLConnectionSocketFactory.connectSocket(SSLConnectionSocketFactory.java:368) ~[httpclient-4.5.14.jar:4.5.14]
	at org.apache.http.impl.conn.DefaultHttpClientConnectionOperator.connect(DefaultHttpClientConnectionOperator.java:142) ~[httpclient-4.5.14.jar:4.5.14]
	... 10 common frames omitted

2026-07-09T10:11:43.535+05:00 ERROR 61792 --- [channelpulse] [gram Connection] o.t.t.u.DefaultBotSession                : Connect to api.telegram.org:443 [api.telegram.org/149.154.166.110] failed: Connection timed out: no further information

org.apache.http.conn.HttpHostConnectException: Connect to api.telegram.org:443 [api.telegram.org/149.154.166.110] failed: Connection timed out: no further information
	at org.apache.http.impl.conn.DefaultHttpClientConnectionOperator.connect(DefaultHttpClientConnectionOperator.java:156) ~[httpclient-4.5.14.jar:4.5.14]
	at org.apache.http.impl.conn.PoolingHttpClientConnectionManager.connect(PoolingHttpClientConnectionManager.java:376) ~[httpclient-4.5.14.jar:4.5.14]
	at org.apache.http.impl.execchain.MainClientExec.establishRoute(MainClientExec.java:393) ~[httpclient-4.5.14.jar:4.5.14]
	at org.apache.http.impl.execchain.MainClientExec.execute(MainClientExec.java:236) ~[httpclient-4.5.14.jar:4.5.14]
	at org.apache.http.impl.execchain.ProtocolExec.execute(ProtocolExec.java:186) ~[httpclient-4.5.14.jar:4.5.14]
	at org.apache.http.impl.execchain.RetryExec.execute(RetryExec.java:89) ~[httpclient-4.5.14.jar:4.5.14]
	at org.apache.http.impl.execchain.RedirectExec.execute(RedirectExec.java:110) ~[httpclient-4.5.14.jar:4.5.14]
	at org.apache.http.impl.client.InternalHttpClient.doExecute(InternalHttpClient.java:185) ~[httpclient-4.5.14.jar:4.5.14]
	at org.apache.http.impl.client.CloseableHttpClient.execute(CloseableHttpClient.java:83) ~[httpclient-4.5.14.jar:4.5.14]
	at org.telegram.telegrambots.updatesreceivers.DefaultBotSession$ReaderThread.getUpdatesFromServer(DefaultBotSession.java:249) ~[telegrambots-6.9.7.1.jar:na]
	at org.telegram.telegrambots.updatesreceivers.DefaultBotSession$ReaderThread.run(DefaultBotSession.java:188) ~[telegrambots-6.9.7.1.jar:na]
Caused by: java.net.ConnectException: Connection timed out: no further information
	at java.base/sun.nio.ch.Net.pollConnect(Native Method) ~[na:na]
	at java.base/sun.nio.ch.Net.pollConnectNow(Net.java:672) ~[na:na]
	at java.base/sun.nio.ch.NioSocketImpl.timedFinishConnect(NioSocketImpl.java:554) ~[na:na]
	at java.base/sun.nio.ch.NioSocketImpl.connect(NioSocketImpl.java:602) ~[na:na]
	at java.base/java.net.SocksSocketImpl.connect(SocksSocketImpl.java:327) ~[na:na]
	at java.base/java.net.Socket.connect(Socket.java:633) ~[na:na]
	at org.apache.http.conn.ssl.SSLConnectionSocketFactory.connectSocket(SSLConnectionSocketFactory.java:368) ~[httpclient-4.5.14.jar:4.5.14]
	at org.apache.http.impl.conn.DefaultHttpClientConnectionOperator.connect(DefaultHttpClientConnectionOperator.java:142) ~[httpclient-4.5.14.jar:4.5.14]
	... 10 common frames omitted

2026-07-09T10:12:05.082+05:00 ERROR 61792 --- [channelpulse] [gram Connection] o.t.t.u.DefaultBotSession                : Connect to api.telegram.org:443 [api.telegram.org/149.154.166.110] failed: Connection timed out: no further information

org.apache.http.conn.HttpHostConnectException: Connect to api.telegram.org:443 [api.telegram.org/149.154.166.110] failed: Connection timed out: no further information
	at org.apache.http.impl.conn.DefaultHttpClientConnectionOperator.connect(DefaultHttpClientConnectionOperator.java:156) ~[httpclient-4.5.14.jar:4.5.14]
	at org.apache.http.impl.conn.PoolingHttpClientConnectionManager.connect(PoolingHttpClientConnectionManager.java:376) ~[httpclient-4.5.14.jar:4.5.14]
	at org.apache.http.impl.execchain.MainClientExec.establishRoute(MainClientExec.java:393) ~[httpclient-4.5.14.jar:4.5.14]
	at org.apache.http.impl.execchain.MainClientExec.execute(MainClientExec.java:236) ~[httpclient-4.5.14.jar:4.5.14]
	at org.apache.http.impl.execchain.ProtocolExec.execute(ProtocolExec.java:186) ~[httpclient-4.5.14.jar:4.5.14]
	at org.apache.http.impl.execchain.RetryExec.execute(RetryExec.java:89) ~[httpclient-4.5.14.jar:4.5.14]
	at org.apache.http.impl.execchain.RedirectExec.execute(RedirectExec.java:110) ~[httpclient-4.5.14.jar:4.5.14]
	at org.apache.http.impl.client.InternalHttpClient.doExecute(InternalHttpClient.java:185) ~[httpclient-4.5.14.jar:4.5.14]
	at org.apache.http.impl.client.CloseableHttpClient.execute(CloseableHttpClient.java:83) ~[httpclient-4.5.14.jar:4.5.14]
	at org.telegram.telegrambots.updatesreceivers.DefaultBotSession$ReaderThread.getUpdatesFromServer(DefaultBotSession.java:249) ~[telegrambots-6.9.7.1.jar:na]
	at org.telegram.telegrambots.updatesreceivers.DefaultBotSession$ReaderThread.run(DefaultBotSession.java:188) ~[telegrambots-6.9.7.1.jar:na]
Caused by: java.net.ConnectException: Connection timed out: no further information
	at java.base/sun.nio.ch.Net.pollConnect(Native Method) ~[na:na]
	at java.base/sun.nio.ch.Net.pollConnectNow(Net.java:672) ~[na:na]
	at java.base/sun.nio.ch.NioSocketImpl.timedFinishConnect(NioSocketImpl.java:554) ~[na:na]
	at java.base/sun.nio.ch.NioSocketImpl.connect(NioSocketImpl.java:602) ~[na:na]
	at java.base/java.net.SocksSocketImpl.connect(SocksSocketImpl.java:327) ~[na:na]
	at java.base/java.net.Socket.connect(Socket.java:633) ~[na:na]
	at org.apache.http.conn.ssl.SSLConnectionSocketFactory.connectSocket(SSLConnectionSocketFactory.java:368) ~[httpclient-4.5.14.jar:4.5.14]
	at org.apache.http.impl.conn.DefaultHttpClientConnectionOperator.connect(DefaultHttpClientConnectionOperator.java:142) ~[httpclient-4.5.14.jar:4.5.14]
	... 10 common frames omitted

2026-07-09T10:12:26.629+05:00 ERROR 61792 --- [channelpulse] [gram Connection] o.t.t.u.DefaultBotSession                : Connect to api.telegram.org:443 [api.telegram.org/149.154.166.110] failed: Connection timed out: no further information

org.apache.http.conn.HttpHostConnectException: Connect to api.telegram.org:443 [api.telegram.org/149.154.166.110] failed: Connection timed out: no further information
	at org.apache.http.impl.conn.DefaultHttpClientConnectionOperator.connect(DefaultHttpClientConnectionOperator.java:156) ~[httpclient-4.5.14.jar:4.5.14]
	at org.apache.http.impl.conn.PoolingHttpClientConnectionManager.connect(PoolingHttpClientConnectionManager.java:376) ~[httpclient-4.5.14.jar:4.5.14]
	at org.apache.http.impl.execchain.MainClientExec.establishRoute(MainClientExec.java:393) ~[httpclient-4.5.14.jar:4.5.14]
	at org.apache.http.impl.execchain.MainClientExec.execute(MainClientExec.java:236) ~[httpclient-4.5.14.jar:4.5.14]
	at org.apache.http.impl.execchain.ProtocolExec.execute(ProtocolExec.java:186) ~[httpclient-4.5.14.jar:4.5.14]
	at org.apache.http.impl.execchain.RetryExec.execute(RetryExec.java:89) ~[httpclient-4.5.14.jar:4.5.14]
	at org.apache.http.impl.execchain.RedirectExec.execute(RedirectExec.java:110) ~[httpclient-4.5.14.jar:4.5.14]
	at org.apache.http.impl.client.InternalHttpClient.doExecute(InternalHttpClient.java:185) ~[httpclient-4.5.14.jar:4.5.14]
	at org.apache.http.impl.client.CloseableHttpClient.execute(CloseableHttpClient.java:83) ~[httpclient-4.5.14.jar:4.5.14]
	at org.telegram.telegrambots.updatesreceivers.DefaultBotSession$ReaderThread.getUpdatesFromServer(DefaultBotSession.java:249) ~[telegrambots-6.9.7.1.jar:na]
	at org.telegram.telegrambots.updatesreceivers.DefaultBotSession$ReaderThread.run(DefaultBotSession.java:188) ~[telegrambots-6.9.7.1.jar:na]
Caused by: java.net.ConnectException: Connection timed out: no further information
	at java.base/sun.nio.ch.Net.pollConnect(Native Method) ~[na:na]
	at java.base/sun.nio.ch.Net.pollConnectNow(Net.java:672) ~[na:na]
	at java.base/sun.nio.ch.NioSocketImpl.timedFinishConnect(NioSocketImpl.java:554) ~[na:na]
	at java.base/sun.nio.ch.NioSocketImpl.connect(NioSocketImpl.java:602) ~[na:na]
	at java.base/java.net.SocksSocketImpl.connect(SocksSocketImpl.java:327) ~[na:na]
	at java.base/java.net.Socket.connect(Socket.java:633) ~[na:na]
	at org.apache.http.conn.ssl.SSLConnectionSocketFactory.connectSocket(SSLConnectionSocketFactory.java:368) ~[httpclient-4.5.14.jar:4.5.14]
	at org.apache.http.impl.conn.DefaultHttpClientConnectionOperator.connect(DefaultHttpClientConnectionOperator.java:142) ~[httpclient-4.5.14.jar:4.5.14]
	... 10 common frames omitted

2026-07-09T10:12:48.163+05:00 ERROR 61792 --- [channelpulse] [gram Connection] o.t.t.u.DefaultBotSession                : Connect to api.telegram.org:443 [api.telegram.org/149.154.166.110] failed: Connection timed out: no further information

org.apache.http.conn.HttpHostConnectException: Connect to api.telegram.org:443 [api.telegram.org/149.154.166.110] failed: Connection timed out: no further information
	at org.apache.http.impl.conn.DefaultHttpClientConnectionOperator.connect(DefaultHttpClientConnectionOperator.java:156) ~[httpclient-4.5.14.jar:4.5.14]
	at org.apache.http.impl.conn.PoolingHttpClientConnectionManager.connect(PoolingHttpClientConnectionManager.java:376) ~[httpclient-4.5.14.jar:4.5.14]
	at org.apache.http.impl.execchain.MainClientExec.establishRoute(MainClientExec.java:393) ~[httpclient-4.5.14.jar:4.5.14]
	at org.apache.http.impl.execchain.MainClientExec.execute(MainClientExec.java:236) ~[httpclient-4.5.14.jar:4.5.14]
	at org.apache.http.impl.execchain.ProtocolExec.execute(ProtocolExec.java:186) ~[httpclient-4.5.14.jar:4.5.14]
	at org.apache.http.impl.execchain.RetryExec.execute(RetryExec.java:89) ~[httpclient-4.5.14.jar:4.5.14]
	at org.apache.http.impl.execchain.RedirectExec.execute(RedirectExec.java:110) ~[httpclient-4.5.14.jar:4.5.14]
	at org.apache.http.impl.client.InternalHttpClient.doExecute(InternalHttpClient.java:185) ~[httpclient-4.5.14.jar:4.5.14]
	at org.apache.http.impl.client.CloseableHttpClient.execute(CloseableHttpClient.java:83) ~[httpclient-4.5.14.jar:4.5.14]
	at org.telegram.telegrambots.updatesreceivers.DefaultBotSession$ReaderThread.getUpdatesFromServer(DefaultBotSession.java:249) ~[telegrambots-6.9.7.1.jar:na]
	at org.telegram.telegrambots.updatesreceivers.DefaultBotSession$ReaderThread.run(DefaultBotSession.java:188) ~[telegrambots-6.9.7.1.jar:na]
Caused by: java.net.ConnectException: Connection timed out: no further information
	at java.base/sun.nio.ch.Net.pollConnect(Native Method) ~[na:na]
	at java.base/sun.nio.ch.Net.pollConnectNow(Net.java:672) ~[na:na]
	at java.base/sun.nio.ch.NioSocketImpl.timedFinishConnect(NioSocketImpl.java:554) ~[na:na]
	at java.base/sun.nio.ch.NioSocketImpl.connect(NioSocketImpl.java:602) ~[na:na]
	at java.base/java.net.SocksSocketImpl.connect(SocksSocketImpl.java:327) ~[na:na]
	at java.base/java.net.Socket.connect(Socket.java:633) ~[na:na]
	at org.apache.http.conn.ssl.SSLConnectionSocketFactory.connectSocket(SSLConnectionSocketFactory.java:368) ~[httpclient-4.5.14.jar:4.5.14]
	at org.apache.http.impl.conn.DefaultHttpClientConnectionOperator.connect(DefaultHttpClientConnectionOperator.java:142) ~[httpclient-4.5.14.jar:4.5.14]
	... 10 common frames omitted

2026-07-09T10:13:09.713+05:00 ERROR 61792 --- [channelpulse] [gram Connection] o.t.t.u.DefaultBotSession                : Connect to api.telegram.org:443 [api.telegram.org/149.154.166.110] failed: Connection timed out: no further information

org.apache.http.conn.HttpHostConnectException: Connect to api.telegram.org:443 [api.telegram.org/149.154.166.110] failed: Connection timed out: no further information
	at org.apache.http.impl.conn.DefaultHttpClientConnectionOperator.connect(DefaultHttpClientConnectionOperator.java:156) ~[httpclient-4.5.14.jar:4.5.14]
	at org.apache.http.impl.conn.PoolingHttpClientConnectionManager.connect(PoolingHttpClientConnectionManager.java:376) ~[httpclient-4.5.14.jar:4.5.14]
	at org.apache.http.impl.execchain.MainClientExec.establishRoute(MainClientExec.java:393) ~[httpclient-4.5.14.jar:4.5.14]
	at org.apache.http.impl.execchain.MainClientExec.execute(MainClientExec.java:236) ~[httpclient-4.5.14.jar:4.5.14]
	at org.apache.http.impl.execchain.ProtocolExec.execute(ProtocolExec.java:186) ~[httpclient-4.5.14.jar:4.5.14]
	at org.apache.http.impl.execchain.RetryExec.execute(RetryExec.java:89) ~[httpclient-4.5.14.jar:4.5.14]
	at org.apache.http.impl.execchain.RedirectExec.execute(RedirectExec.java:110) ~[httpclient-4.5.14.jar:4.5.14]
	at org.apache.http.impl.client.InternalHttpClient.doExecute(InternalHttpClient.java:185) ~[httpclient-4.5.14.jar:4.5.14]
	at org.apache.http.impl.client.CloseableHttpClient.execute(CloseableHttpClient.java:83) ~[httpclient-4.5.14.jar:4.5.14]
	at org.telegram.telegrambots.updatesreceivers.DefaultBotSession$ReaderThread.getUpdatesFromServer(DefaultBotSession.java:249) ~[telegrambots-6.9.7.1.jar:na]
	at org.telegram.telegrambots.updatesreceivers.DefaultBotSession$ReaderThread.run(DefaultBotSession.java:188) ~[telegrambots-6.9.7.1.jar:na]
Caused by: java.net.ConnectException: Connection timed out: no further information
	at java.base/sun.nio.ch.Net.pollConnect(Native Method) ~[na:na]
	at java.base/sun.nio.ch.Net.pollConnectNow(Net.java:672) ~[na:na]
	at java.base/sun.nio.ch.NioSocketImpl.timedFinishConnect(NioSocketImpl.java:554) ~[na:na]
	at java.base/sun.nio.ch.NioSocketImpl.connect(NioSocketImpl.java:602) ~[na:na]
	at java.base/java.net.SocksSocketImpl.connect(SocksSocketImpl.java:327) ~[na:na]
	at java.base/java.net.Socket.connect(Socket.java:633) ~[na:na]
	at org.apache.http.conn.ssl.SSLConnectionSocketFactory.connectSocket(SSLConnectionSocketFactory.java:368) ~[httpclient-4.5.14.jar:4.5.14]
	at org.apache.http.impl.conn.DefaultHttpClientConnectionOperator.connect(DefaultHttpClientConnectionOperator.java:142) ~[httpclient-4.5.14.jar:4.5.14]
	... 10 common frames omitted

2026-07-09T10:13:31.270+05:00 ERROR 61792 --- [channelpulse] [gram Connection] o.t.t.u.DefaultBotSession                : Connect to api.telegram.org:443 [api.telegram.org/149.154.166.110] failed: Connection timed out: no further information

org.apache.http.conn.HttpHostConnectException: Connect to api.telegram.org:443 [api.telegram.org/149.154.166.110] failed: Connection timed out: no further information
	at org.apache.http.impl.conn.DefaultHttpClientConnectionOperator.connect(DefaultHttpClientConnectionOperator.java:156) ~[httpclient-4.5.14.jar:4.5.14]
	at org.apache.http.impl.conn.PoolingHttpClientConnectionManager.connect(PoolingHttpClientConnectionManager.java:376) ~[httpclient-4.5.14.jar:4.5.14]
	at org.apache.http.impl.execchain.MainClientExec.establishRoute(MainClientExec.java:393) ~[httpclient-4.5.14.jar:4.5.14]
	at org.apache.http.impl.execchain.MainClientExec.execute(MainClientExec.java:236) ~[httpclient-4.5.14.jar:4.5.14]
	at org.apache.http.impl.execchain.ProtocolExec.execute(ProtocolExec.java:186) ~[httpclient-4.5.14.jar:4.5.14]
	at org.apache.http.impl.execchain.RetryExec.execute(RetryExec.java:89) ~[httpclient-4.5.14.jar:4.5.14]
	at org.apache.http.impl.execchain.RedirectExec.execute(RedirectExec.java:110) ~[httpclient-4.5.14.jar:4.5.14]
	at org.apache.http.impl.client.InternalHttpClient.doExecute(InternalHttpClient.java:185) ~[httpclient-4.5.14.jar:4.5.14]
	at org.apache.http.impl.client.CloseableHttpClient.execute(CloseableHttpClient.java:83) ~[httpclient-4.5.14.jar:4.5.14]
	at org.telegram.telegrambots.updatesreceivers.DefaultBotSession$ReaderThread.getUpdatesFromServer(DefaultBotSession.java:249) ~[telegrambots-6.9.7.1.jar:na]
	at org.telegram.telegrambots.updatesreceivers.DefaultBotSession$ReaderThread.run(DefaultBotSession.java:188) ~[telegrambots-6.9.7.1.jar:na]
Caused by: java.net.ConnectException: Connection timed out: no further information
	at java.base/sun.nio.ch.Net.pollConnect(Native Method) ~[na:na]
	at java.base/sun.nio.ch.Net.pollConnectNow(Net.java:672) ~[na:na]
	at java.base/sun.nio.ch.NioSocketImpl.timedFinishConnect(NioSocketImpl.java:554) ~[na:na]
	at java.base/sun.nio.ch.NioSocketImpl.connect(NioSocketImpl.java:602) ~[na:na]
	at java.base/java.net.SocksSocketImpl.connect(SocksSocketImpl.java:327) ~[na:na]
	at java.base/java.net.Socket.connect(Socket.java:633) ~[na:na]
	at org.apache.http.conn.ssl.SSLConnectionSocketFactory.connectSocket(SSLConnectionSocketFactory.java:368) ~[httpclient-4.5.14.jar:4.5.14]
	at org.apache.http.impl.conn.DefaultHttpClientConnectionOperator.connect(DefaultHttpClientConnectionOperator.java:142) ~[httpclient-4.5.14.jar:4.5.14]
	... 10 common frames omitted

2026-07-09T10:13:52.808+05:00 ERROR 61792 --- [channelpulse] [gram Connection] o.t.t.u.DefaultBotSession                : Connect to api.telegram.org:443 [api.telegram.org/149.154.166.110] failed: Connection timed out: no further information

org.apache.http.conn.HttpHostConnectException: Connect to api.telegram.org:443 [api.telegram.org/149.154.166.110] failed: Connection timed out: no further information
	at org.apache.http.impl.conn.DefaultHttpClientConnectionOperator.connect(DefaultHttpClientConnectionOperator.java:156) ~[httpclient-4.5.14.jar:4.5.14]
	at org.apache.http.impl.conn.PoolingHttpClientConnectionManager.connect(PoolingHttpClientConnectionManager.java:376) ~[httpclient-4.5.14.jar:4.5.14]
	at org.apache.http.impl.execchain.MainClientExec.establishRoute(MainClientExec.java:393) ~[httpclient-4.5.14.jar:4.5.14]
	at org.apache.http.impl.execchain.MainClientExec.execute(MainClientExec.java:236) ~[httpclient-4.5.14.jar:4.5.14]
	at org.apache.http.impl.execchain.ProtocolExec.execute(ProtocolExec.java:186) ~[httpclient-4.5.14.jar:4.5.14]
	at org.apache.http.impl.execchain.RetryExec.execute(RetryExec.java:89) ~[httpclient-4.5.14.jar:4.5.14]
	at org.apache.http.impl.execchain.RedirectExec.execute(RedirectExec.java:110) ~[httpclient-4.5.14.jar:4.5.14]
	at org.apache.http.impl.client.InternalHttpClient.doExecute(InternalHttpClient.java:185) ~[httpclient-4.5.14.jar:4.5.14]
	at org.apache.http.impl.client.CloseableHttpClient.execute(CloseableHttpClient.java:83) ~[httpclient-4.5.14.jar:4.5.14]
	at org.telegram.telegrambots.updatesreceivers.DefaultBotSession$ReaderThread.getUpdatesFromServer(DefaultBotSession.java:249) ~[telegrambots-6.9.7.1.jar:na]
	at org.telegram.telegrambots.updatesreceivers.DefaultBotSession$ReaderThread.run(DefaultBotSession.java:188) ~[telegrambots-6.9.7.1.jar:na]
Caused by: java.net.ConnectException: Connection timed out: no further information
	at java.base/sun.nio.ch.Net.pollConnect(Native Method) ~[na:na]
	at java.base/sun.nio.ch.Net.pollConnectNow(Net.java:672) ~[na:na]
	at java.base/sun.nio.ch.NioSocketImpl.timedFinishConnect(NioSocketImpl.java:554) ~[na:na]
	at java.base/sun.nio.ch.NioSocketImpl.connect(NioSocketImpl.java:602) ~[na:na]
	at java.base/java.net.SocksSocketImpl.connect(SocksSocketImpl.java:327) ~[na:na]
	at java.base/java.net.Socket.connect(Socket.java:633) ~[na:na]
	at org.apache.http.conn.ssl.SSLConnectionSocketFactory.connectSocket(SSLConnectionSocketFactory.java:368) ~[httpclient-4.5.14.jar:4.5.14]
	at org.apache.http.impl.conn.DefaultHttpClientConnectionOperator.connect(DefaultHttpClientConnectionOperator.java:142) ~[httpclient-4.5.14.jar:4.5.14]
	... 10 common frames omitted

2026-07-09T10:14:14.343+05:00 ERROR 61792 --- [channelpulse] [gram Connection] o.t.t.u.DefaultBotSession                : Connect to api.telegram.org:443 [api.telegram.org/149.154.166.110] failed: Connection timed out: no further information

org.apache.http.conn.HttpHostConnectException: Connect to api.telegram.org:443 [api.telegram.org/149.154.166.110] failed: Connection timed out: no further information
	at org.apache.http.impl.conn.DefaultHttpClientConnectionOperator.connect(DefaultHttpClientConnectionOperator.java:156) ~[httpclient-4.5.14.jar:4.5.14]
	at org.apache.http.impl.conn.PoolingHttpClientConnectionManager.connect(PoolingHttpClientConnectionManager.java:376) ~[httpclient-4.5.14.jar:4.5.14]
	at org.apache.http.impl.execchain.MainClientExec.establishRoute(MainClientExec.java:393) ~[httpclient-4.5.14.jar:4.5.14]
	at org.apache.http.impl.execchain.MainClientExec.execute(MainClientExec.java:236) ~[httpclient-4.5.14.jar:4.5.14]
	at org.apache.http.impl.execchain.ProtocolExec.execute(ProtocolExec.java:186) ~[httpclient-4.5.14.jar:4.5.14]
	at org.apache.http.impl.execchain.RetryExec.execute(RetryExec.java:89) ~[httpclient-4.5.14.jar:4.5.14]
	at org.apache.http.impl.execchain.RedirectExec.execute(RedirectExec.java:110) ~[httpclient-4.5.14.jar:4.5.14]
	at org.apache.http.impl.client.InternalHttpClient.doExecute(InternalHttpClient.java:185) ~[httpclient-4.5.14.jar:4.5.14]
	at org.apache.http.impl.client.CloseableHttpClient.execute(CloseableHttpClient.java:83) ~[httpclient-4.5.14.jar:4.5.14]
	at org.telegram.telegrambots.updatesreceivers.DefaultBotSession$ReaderThread.getUpdatesFromServer(DefaultBotSession.java:249) ~[telegrambots-6.9.7.1.jar:na]
	at org.telegram.telegrambots.updatesreceivers.DefaultBotSession$ReaderThread.run(DefaultBotSession.java:188) ~[telegrambots-6.9.7.1.jar:na]
Caused by: java.net.ConnectException: Connection timed out: no further information
	at java.base/sun.nio.ch.Net.pollConnect(Native Method) ~[na:na]
	at java.base/sun.nio.ch.Net.pollConnectNow(Net.java:672) ~[na:na]
	at java.base/sun.nio.ch.NioSocketImpl.timedFinishConnect(NioSocketImpl.java:554) ~[na:na]
	at java.base/sun.nio.ch.NioSocketImpl.connect(NioSocketImpl.java:602) ~[na:na]
	at java.base/java.net.SocksSocketImpl.connect(SocksSocketImpl.java:327) ~[na:na]
	at java.base/java.net.Socket.connect(Socket.java:633) ~[na:na]
	at org.apache.http.conn.ssl.SSLConnectionSocketFactory.connectSocket(SSLConnectionSocketFactory.java:368) ~[httpclient-4.5.14.jar:4.5.14]
	at org.apache.http.impl.conn.DefaultHttpClientConnectionOperator.connect(DefaultHttpClientConnectionOperator.java:142) ~[httpclient-4.5.14.jar:4.5.14]
	... 10 common frames omitted

2026-07-09T10:14:35.882+05:00 ERROR 61792 --- [channelpulse] [gram Connection] o.t.t.u.DefaultBotSession                : Connect to api.telegram.org:443 [api.telegram.org/149.154.166.110] failed: Connection timed out: no further information

org.apache.http.conn.HttpHostConnectException: Connect to api.telegram.org:443 [api.telegram.org/149.154.166.110] failed: Connection timed out: no further information
	at org.apache.http.impl.conn.DefaultHttpClientConnectionOperator.connect(DefaultHttpClientConnectionOperator.java:156) ~[httpclient-4.5.14.jar:4.5.14]
	at org.apache.http.impl.conn.PoolingHttpClientConnectionManager.connect(PoolingHttpClientConnectionManager.java:376) ~[httpclient-4.5.14.jar:4.5.14]
	at org.apache.http.impl.execchain.MainClientExec.establishRoute(MainClientExec.java:393) ~[httpclient-4.5.14.jar:4.5.14]
	at org.apache.http.impl.execchain.MainClientExec.execute(MainClientExec.java:236) ~[httpclient-4.5.14.jar:4.5.14]
	at org.apache.http.impl.execchain.ProtocolExec.execute(ProtocolExec.java:186) ~[httpclient-4.5.14.jar:4.5.14]
	at org.apache.http.impl.execchain.RetryExec.execute(RetryExec.java:89) ~[httpclient-4.5.14.jar:4.5.14]
	at org.apache.http.impl.execchain.RedirectExec.execute(RedirectExec.java:110) ~[httpclient-4.5.14.jar:4.5.14]
	at org.apache.http.impl.client.InternalHttpClient.doExecute(InternalHttpClient.java:185) ~[httpclient-4.5.14.jar:4.5.14]
	at org.apache.http.impl.client.CloseableHttpClient.execute(CloseableHttpClient.java:83) ~[httpclient-4.5.14.jar:4.5.14]
	at org.telegram.telegrambots.updatesreceivers.DefaultBotSession$ReaderThread.getUpdatesFromServer(DefaultBotSession.java:249) ~[telegrambots-6.9.7.1.jar:na]
	at org.telegram.telegrambots.updatesreceivers.DefaultBotSession$ReaderThread.run(DefaultBotSession.java:188) ~[telegrambots-6.9.7.1.jar:na]
Caused by: java.net.ConnectException: Connection timed out: no further information
	at java.base/sun.nio.ch.Net.pollConnect(Native Method) ~[na:na]
	at java.base/sun.nio.ch.Net.pollConnectNow(Net.java:672) ~[na:na]
	at java.base/sun.nio.ch.NioSocketImpl.timedFinishConnect(NioSocketImpl.java:554) ~[na:na]
	at java.base/sun.nio.ch.NioSocketImpl.connect(NioSocketImpl.java:602) ~[na:na]
	at java.base/java.net.SocksSocketImpl.connect(SocksSocketImpl.java:327) ~[na:na]
	at java.base/java.net.Socket.connect(Socket.java:633) ~[na:na]
	at org.apache.http.conn.ssl.SSLConnectionSocketFactory.connectSocket(SSLConnectionSocketFactory.java:368) ~[httpclient-4.5.14.jar:4.5.14]
	at org.apache.http.impl.conn.DefaultHttpClientConnectionOperator.connect(DefaultHttpClientConnectionOperator.java:142) ~[httpclient-4.5.14.jar:4.5.14]
	... 10 common frames omitted

2026-07-09T10:14:57.441+05:00 ERROR 61792 --- [channelpulse] [gram Connection] o.t.t.u.DefaultBotSession                : Connect to api.telegram.org:443 [api.telegram.org/149.154.166.110] failed: Connection timed out: no further information

org.apache.http.conn.HttpHostConnectException: Connect to api.telegram.org:443 [api.telegram.org/149.154.166.110] failed: Connection timed out: no further information
	at org.apache.http.impl.conn.DefaultHttpClientConnectionOperator.connect(DefaultHttpClientConnectionOperator.java:156) ~[httpclient-4.5.14.jar:4.5.14]
	at org.apache.http.impl.conn.PoolingHttpClientConnectionManager.connect(PoolingHttpClientConnectionManager.java:376) ~[httpclient-4.5.14.jar:4.5.14]
	at org.apache.http.impl.execchain.MainClientExec.establishRoute(MainClientExec.java:393) ~[httpclient-4.5.14.jar:4.5.14]
	at org.apache.http.impl.execchain.MainClientExec.execute(MainClientExec.java:236) ~[httpclient-4.5.14.jar:4.5.14]
	at org.apache.http.impl.execchain.ProtocolExec.execute(ProtocolExec.java:186) ~[httpclient-4.5.14.jar:4.5.14]
	at org.apache.http.impl.execchain.RetryExec.execute(RetryExec.java:89) ~[httpclient-4.5.14.jar:4.5.14]
	at org.apache.http.impl.execchain.RedirectExec.execute(RedirectExec.java:110) ~[httpclient-4.5.14.jar:4.5.14]
	at org.apache.http.impl.client.InternalHttpClient.doExecute(InternalHttpClient.java:185) ~[httpclient-4.5.14.jar:4.5.14]
	at org.apache.http.impl.client.CloseableHttpClient.execute(CloseableHttpClient.java:83) ~[httpclient-4.5.14.jar:4.5.14]
	at org.telegram.telegrambots.updatesreceivers.DefaultBotSession$ReaderThread.getUpdatesFromServer(DefaultBotSession.java:249) ~[telegrambots-6.9.7.1.jar:na]
	at org.telegram.telegrambots.updatesreceivers.DefaultBotSession$ReaderThread.run(DefaultBotSession.java:188) ~[telegrambots-6.9.7.1.jar:na]
Caused by: java.net.ConnectException: Connection timed out: no further information
	at java.base/sun.nio.ch.Net.pollConnect(Native Method) ~[na:na]
	at java.base/sun.nio.ch.Net.pollConnectNow(Net.java:672) ~[na:na]
	at java.base/sun.nio.ch.NioSocketImpl.timedFinishConnect(NioSocketImpl.java:554) ~[na:na]
	at java.base/sun.nio.ch.NioSocketImpl.connect(NioSocketImpl.java:602) ~[na:na]
	at java.base/java.net.SocksSocketImpl.connect(SocksSocketImpl.java:327) ~[na:na]
	at java.base/java.net.Socket.connect(Socket.java:633) ~[na:na]
	at org.apache.http.conn.ssl.SSLConnectionSocketFactory.connectSocket(SSLConnectionSocketFactory.java:368) ~[httpclient-4.5.14.jar:4.5.14]
	at org.apache.http.impl.conn.DefaultHttpClientConnectionOperator.connect(DefaultHttpClientConnectionOperator.java:142) ~[httpclient-4.5.14.jar:4.5.14]
	... 10 common frames omitted

2026-07-09T10:15:19.003+05:00 ERROR 61792 --- [channelpulse] [gram Connection] o.t.t.u.DefaultBotSession                : Connect to api.telegram.org:443 [api.telegram.org/149.154.166.110] failed: Connection timed out: no further information

org.apache.http.conn.HttpHostConnectException: Connect to api.telegram.org:443 [api.telegram.org/149.154.166.110] failed: Connection timed out: no further information
	at org.apache.http.impl.conn.DefaultHttpClientConnectionOperator.connect(DefaultHttpClientConnectionOperator.java:156) ~[httpclient-4.5.14.jar:4.5.14]
	at org.apache.http.impl.conn.PoolingHttpClientConnectionManager.connect(PoolingHttpClientConnectionManager.java:376) ~[httpclient-4.5.14.jar:4.5.14]
	at org.apache.http.impl.execchain.MainClientExec.establishRoute(MainClientExec.java:393) ~[httpclient-4.5.14.jar:4.5.14]
	at org.apache.http.impl.execchain.MainClientExec.execute(MainClientExec.java:236) ~[httpclient-4.5.14.jar:4.5.14]
	at org.apache.http.impl.execchain.ProtocolExec.execute(ProtocolExec.java:186) ~[httpclient-4.5.14.jar:4.5.14]
	at org.apache.http.impl.execchain.RetryExec.execute(RetryExec.java:89) ~[httpclient-4.5.14.jar:4.5.14]
	at org.apache.http.impl.execchain.RedirectExec.execute(RedirectExec.java:110) ~[httpclient-4.5.14.jar:4.5.14]
	at org.apache.http.impl.client.InternalHttpClient.doExecute(InternalHttpClient.java:185) ~[httpclient-4.5.14.jar:4.5.14]
	at org.apache.http.impl.client.CloseableHttpClient.execute(CloseableHttpClient.java:83) ~[httpclient-4.5.14.jar:4.5.14]
	at org.telegram.telegrambots.updatesreceivers.DefaultBotSession$ReaderThread.getUpdatesFromServer(DefaultBotSession.java:249) ~[telegrambots-6.9.7.1.jar:na]
	at org.telegram.telegrambots.updatesreceivers.DefaultBotSession$ReaderThread.run(DefaultBotSession.java:188) ~[telegrambots-6.9.7.1.jar:na]
Caused by: java.net.ConnectException: Connection timed out: no further information
	at java.base/sun.nio.ch.Net.pollConnect(Native Method) ~[na:na]
	at java.base/sun.nio.ch.Net.pollConnectNow(Net.java:672) ~[na:na]
	at java.base/sun.nio.ch.NioSocketImpl.timedFinishConnect(NioSocketImpl.java:554) ~[na:na]
	at java.base/sun.nio.ch.NioSocketImpl.connect(NioSocketImpl.java:602) ~[na:na]
	at java.base/java.net.SocksSocketImpl.connect(SocksSocketImpl.java:327) ~[na:na]
	at java.base/java.net.Socket.connect(Socket.java:633) ~[na:na]
	at org.apache.http.conn.ssl.SSLConnectionSocketFactory.connectSocket(SSLConnectionSocketFactory.java:368) ~[httpclient-4.5.14.jar:4.5.14]
	at org.apache.http.impl.conn.DefaultHttpClientConnectionOperator.connect(DefaultHttpClientConnectionOperator.java:142) ~[httpclient-4.5.14.jar:4.5.14]
	... 10 common frames omitted

2026-07-09T10:15:40.544+05:00 ERROR 61792 --- [channelpulse] [gram Connection] o.t.t.u.DefaultBotSession                : Connect to api.telegram.org:443 [api.telegram.org/149.154.166.110] failed: Connection timed out: no further information

org.apache.http.conn.HttpHostConnectException: Connect to api.telegram.org:443 [api.telegram.org/149.154.166.110] failed: Connection timed out: no further information
	at org.apache.http.impl.conn.DefaultHttpClientConnectionOperator.connect(DefaultHttpClientConnectionOperator.java:156) ~[httpclient-4.5.14.jar:4.5.14]
	at org.apache.http.impl.conn.PoolingHttpClientConnectionManager.connect(PoolingHttpClientConnectionManager.java:376) ~[httpclient-4.5.14.jar:4.5.14]
	at org.apache.http.impl.execchain.MainClientExec.establishRoute(MainClientExec.java:393) ~[httpclient-4.5.14.jar:4.5.14]
	at org.apache.http.impl.execchain.MainClientExec.execute(MainClientExec.java:236) ~[httpclient-4.5.14.jar:4.5.14]
	at org.apache.http.impl.execchain.ProtocolExec.execute(ProtocolExec.java:186) ~[httpclient-4.5.14.jar:4.5.14]
	at org.apache.http.impl.execchain.RetryExec.execute(RetryExec.java:89) ~[httpclient-4.5.14.jar:4.5.14]
	at org.apache.http.impl.execchain.RedirectExec.execute(RedirectExec.java:110) ~[httpclient-4.5.14.jar:4.5.14]
	at org.apache.http.impl.client.InternalHttpClient.doExecute(InternalHttpClient.java:185) ~[httpclient-4.5.14.jar:4.5.14]
	at org.apache.http.impl.client.CloseableHttpClient.execute(CloseableHttpClient.java:83) ~[httpclient-4.5.14.jar:4.5.14]
	at org.telegram.telegrambots.updatesreceivers.DefaultBotSession$ReaderThread.getUpdatesFromServer(DefaultBotSession.java:249) ~[telegrambots-6.9.7.1.jar:na]
	at org.telegram.telegrambots.updatesreceivers.DefaultBotSession$ReaderThread.run(DefaultBotSession.java:188) ~[telegrambots-6.9.7.1.jar:na]
Caused by: java.net.ConnectException: Connection timed out: no further information
	at java.base/sun.nio.ch.Net.pollConnect(Native Method) ~[na:na]
	at java.base/sun.nio.ch.Net.pollConnectNow(Net.java:672) ~[na:na]
	at java.base/sun.nio.ch.NioSocketImpl.timedFinishConnect(NioSocketImpl.java:554) ~[na:na]
	at java.base/sun.nio.ch.NioSocketImpl.connect(NioSocketImpl.java:602) ~[na:na]
	at java.base/java.net.SocksSocketImpl.connect(SocksSocketImpl.java:327) ~[na:na]
	at java.base/java.net.Socket.connect(Socket.java:633) ~[na:na]
	at org.apache.http.conn.ssl.SSLConnectionSocketFactory.connectSocket(SSLConnectionSocketFactory.java:368) ~[httpclient-4.5.14.jar:4.5.14]
	at org.apache.http.impl.conn.DefaultHttpClientConnectionOperator.connect(DefaultHttpClientConnectionOperator.java:142) ~[httpclient-4.5.14.jar:4.5.14]
	... 10 common frames omitted

2026-07-09T10:16:02.108+05:00 ERROR 61792 --- [channelpulse] [gram Connection] o.t.t.u.DefaultBotSession                : Connect to api.telegram.org:443 [api.telegram.org/149.154.166.110] failed: Connection timed out: no further information

org.apache.http.conn.HttpHostConnectException: Connect to api.telegram.org:443 [api.telegram.org/149.154.166.110] failed: Connection timed out: no further information
	at org.apache.http.impl.conn.DefaultHttpClientConnectionOperator.connect(DefaultHttpClientConnectionOperator.java:156) ~[httpclient-4.5.14.jar:4.5.14]
	at org.apache.http.impl.conn.PoolingHttpClientConnectionManager.connect(PoolingHttpClientConnectionManager.java:376) ~[httpclient-4.5.14.jar:4.5.14]
	at org.apache.http.impl.execchain.MainClientExec.establishRoute(MainClientExec.java:393) ~[httpclient-4.5.14.jar:4.5.14]
	at org.apache.http.impl.execchain.MainClientExec.execute(MainClientExec.java:236) ~[httpclient-4.5.14.jar:4.5.14]
	at org.apache.http.impl.execchain.ProtocolExec.execute(ProtocolExec.java:186) ~[httpclient-4.5.14.jar:4.5.14]
	at org.apache.http.impl.execchain.RetryExec.execute(RetryExec.java:89) ~[httpclient-4.5.14.jar:4.5.14]
	at org.apache.http.impl.execchain.RedirectExec.execute(RedirectExec.java:110) ~[httpclient-4.5.14.jar:4.5.14]
	at org.apache.http.impl.client.InternalHttpClient.doExecute(InternalHttpClient.java:185) ~[httpclient-4.5.14.jar:4.5.14]
	at org.apache.http.impl.client.CloseableHttpClient.execute(CloseableHttpClient.java:83) ~[httpclient-4.5.14.jar:4.5.14]
	at org.telegram.telegrambots.updatesreceivers.DefaultBotSession$ReaderThread.getUpdatesFromServer(DefaultBotSession.java:249) ~[telegrambots-6.9.7.1.jar:na]
	at org.telegram.telegrambots.updatesreceivers.DefaultBotSession$ReaderThread.run(DefaultBotSession.java:188) ~[telegrambots-6.9.7.1.jar:na]
Caused by: java.net.ConnectException: Connection timed out: no further information
	at java.base/sun.nio.ch.Net.pollConnect(Native Method) ~[na:na]
	at java.base/sun.nio.ch.Net.pollConnectNow(Net.java:672) ~[na:na]
	at java.base/sun.nio.ch.NioSocketImpl.timedFinishConnect(NioSocketImpl.java:554) ~[na:na]
	at java.base/sun.nio.ch.NioSocketImpl.connect(NioSocketImpl.java:602) ~[na:na]
	at java.base/java.net.SocksSocketImpl.connect(SocksSocketImpl.java:327) ~[na:na]
	at java.base/java.net.Socket.connect(Socket.java:633) ~[na:na]
	at org.apache.http.conn.ssl.SSLConnectionSocketFactory.connectSocket(SSLConnectionSocketFactory.java:368) ~[httpclient-4.5.14.jar:4.5.14]
	at org.apache.http.impl.conn.DefaultHttpClientConnectionOperator.connect(DefaultHttpClientConnectionOperator.java:142) ~[httpclient-4.5.14.jar:4.5.14]
	... 10 common frames omitted

2026-07-09T10:16:23.670+05:00 ERROR 61792 --- [channelpulse] [gram Connection] o.t.t.u.DefaultBotSession                : Connect to api.telegram.org:443 [api.telegram.org/149.154.166.110] failed: Connection timed out: no further information

org.apache.http.conn.HttpHostConnectException: Connect to api.telegram.org:443 [api.telegram.org/149.154.166.110] failed: Connection timed out: no further information
	at org.apache.http.impl.conn.DefaultHttpClientConnectionOperator.connect(DefaultHttpClientConnectionOperator.java:156) ~[httpclient-4.5.14.jar:4.5.14]
	at org.apache.http.impl.conn.PoolingHttpClientConnectionManager.connect(PoolingHttpClientConnectionManager.java:376) ~[httpclient-4.5.14.jar:4.5.14]
	at org.apache.http.impl.execchain.MainClientExec.establishRoute(MainClientExec.java:393) ~[httpclient-4.5.14.jar:4.5.14]
	at org.apache.http.impl.execchain.MainClientExec.execute(MainClientExec.java:236) ~[httpclient-4.5.14.jar:4.5.14]
	at org.apache.http.impl.execchain.ProtocolExec.execute(ProtocolExec.java:186) ~[httpclient-4.5.14.jar:4.5.14]
	at org.apache.http.impl.execchain.RetryExec.execute(RetryExec.java:89) ~[httpclient-4.5.14.jar:4.5.14]
	at org.apache.http.impl.execchain.RedirectExec.execute(RedirectExec.java:110) ~[httpclient-4.5.14.jar:4.5.14]
	at org.apache.http.impl.client.InternalHttpClient.doExecute(InternalHttpClient.java:185) ~[httpclient-4.5.14.jar:4.5.14]
	at org.apache.http.impl.client.CloseableHttpClient.execute(CloseableHttpClient.java:83) ~[httpclient-4.5.14.jar:4.5.14]
	at org.telegram.telegrambots.updatesreceivers.DefaultBotSession$ReaderThread.getUpdatesFromServer(DefaultBotSession.java:249) ~[telegrambots-6.9.7.1.jar:na]
	at org.telegram.telegrambots.updatesreceivers.DefaultBotSession$ReaderThread.run(DefaultBotSession.java:188) ~[telegrambots-6.9.7.1.jar:na]
Caused by: java.net.ConnectException: Connection timed out: no further information
	at java.base/sun.nio.ch.Net.pollConnect(Native Method) ~[na:na]
	at java.base/sun.nio.ch.Net.pollConnectNow(Net.java:672) ~[na:na]
	at java.base/sun.nio.ch.NioSocketImpl.timedFinishConnect(NioSocketImpl.java:554) ~[na:na]
	at java.base/sun.nio.ch.NioSocketImpl.connect(NioSocketImpl.java:602) ~[na:na]
	at java.base/java.net.SocksSocketImpl.connect(SocksSocketImpl.java:327) ~[na:na]
	at java.base/java.net.Socket.connect(Socket.java:633) ~[na:na]
	at org.apache.http.conn.ssl.SSLConnectionSocketFactory.connectSocket(SSLConnectionSocketFactory.java:368) ~[httpclient-4.5.14.jar:4.5.14]
	at org.apache.http.impl.conn.DefaultHttpClientConnectionOperator.connect(DefaultHttpClientConnectionOperator.java:142) ~[httpclient-4.5.14.jar:4.5.14]
	... 10 common frames omitted

2026-07-09T10:16:45.211+05:00 ERROR 61792 --- [channelpulse] [gram Connection] o.t.t.u.DefaultBotSession                : Connect to api.telegram.org:443 [api.telegram.org/149.154.166.110] failed: Connection timed out: no further information

org.apache.http.conn.HttpHostConnectException: Connect to api.telegram.org:443 [api.telegram.org/149.154.166.110] failed: Connection timed out: no further information
	at org.apache.http.impl.conn.DefaultHttpClientConnectionOperator.connect(DefaultHttpClientConnectionOperator.java:156) ~[httpclient-4.5.14.jar:4.5.14]
	at org.apache.http.impl.conn.PoolingHttpClientConnectionManager.connect(PoolingHttpClientConnectionManager.java:376) ~[httpclient-4.5.14.jar:4.5.14]
	at org.apache.http.impl.execchain.MainClientExec.establishRoute(MainClientExec.java:393) ~[httpclient-4.5.14.jar:4.5.14]
	at org.apache.http.impl.execchain.MainClientExec.execute(MainClientExec.java:236) ~[httpclient-4.5.14.jar:4.5.14]
	at org.apache.http.impl.execchain.ProtocolExec.execute(ProtocolExec.java:186) ~[httpclient-4.5.14.jar:4.5.14]
	at org.apache.http.impl.execchain.RetryExec.execute(RetryExec.java:89) ~[httpclient-4.5.14.jar:4.5.14]
	at org.apache.http.impl.execchain.RedirectExec.execute(RedirectExec.java:110) ~[httpclient-4.5.14.jar:4.5.14]
	at org.apache.http.impl.client.InternalHttpClient.doExecute(InternalHttpClient.java:185) ~[httpclient-4.5.14.jar:4.5.14]
	at org.apache.http.impl.client.CloseableHttpClient.execute(CloseableHttpClient.java:83) ~[httpclient-4.5.14.jar:4.5.14]
	at org.telegram.telegrambots.updatesreceivers.DefaultBotSession$ReaderThread.getUpdatesFromServer(DefaultBotSession.java:249) ~[telegrambots-6.9.7.1.jar:na]
	at org.telegram.telegrambots.updatesreceivers.DefaultBotSession$ReaderThread.run(DefaultBotSession.java:188) ~[telegrambots-6.9.7.1.jar:na]
Caused by: java.net.ConnectException: Connection timed out: no further information
	at java.base/sun.nio.ch.Net.pollConnect(Native Method) ~[na:na]
	at java.base/sun.nio.ch.Net.pollConnectNow(Net.java:672) ~[na:na]
	at java.base/sun.nio.ch.NioSocketImpl.timedFinishConnect(NioSocketImpl.java:554) ~[na:na]
	at java.base/sun.nio.ch.NioSocketImpl.connect(NioSocketImpl.java:602) ~[na:na]
	at java.base/java.net.SocksSocketImpl.connect(SocksSocketImpl.java:327) ~[na:na]
	at java.base/java.net.Socket.connect(Socket.java:633) ~[na:na]
	at org.apache.http.conn.ssl.SSLConnectionSocketFactory.connectSocket(SSLConnectionSocketFactory.java:368) ~[httpclient-4.5.14.jar:4.5.14]
	at org.apache.http.impl.conn.DefaultHttpClientConnectionOperator.connect(DefaultHttpClientConnectionOperator.java:142) ~[httpclient-4.5.14.jar:4.5.14]
	... 10 common frames omitted

2026-07-09T10:17:06.758+05:00 ERROR 61792 --- [channelpulse] [gram Connection] o.t.t.u.DefaultBotSession                : Connect to api.telegram.org:443 [api.telegram.org/149.154.166.110] failed: Connection timed out: no further information

org.apache.http.conn.HttpHostConnectException: Connect to api.telegram.org:443 [api.telegram.org/149.154.166.110] failed: Connection timed out: no further information
	at org.apache.http.impl.conn.DefaultHttpClientConnectionOperator.connect(DefaultHttpClientConnectionOperator.java:156) ~[httpclient-4.5.14.jar:4.5.14]
	at org.apache.http.impl.conn.PoolingHttpClientConnectionManager.connect(PoolingHttpClientConnectionManager.java:376) ~[httpclient-4.5.14.jar:4.5.14]
	at org.apache.http.impl.execchain.MainClientExec.establishRoute(MainClientExec.java:393) ~[httpclient-4.5.14.jar:4.5.14]
	at org.apache.http.impl.execchain.MainClientExec.execute(MainClientExec.java:236) ~[httpclient-4.5.14.jar:4.5.14]
	at org.apache.http.impl.execchain.ProtocolExec.execute(ProtocolExec.java:186) ~[httpclient-4.5.14.jar:4.5.14]
	at org.apache.http.impl.execchain.RetryExec.execute(RetryExec.java:89) ~[httpclient-4.5.14.jar:4.5.14]
	at org.apache.http.impl.execchain.RedirectExec.execute(RedirectExec.java:110) ~[httpclient-4.5.14.jar:4.5.14]
	at org.apache.http.impl.client.InternalHttpClient.doExecute(InternalHttpClient.java:185) ~[httpclient-4.5.14.jar:4.5.14]
	at org.apache.http.impl.client.CloseableHttpClient.execute(CloseableHttpClient.java:83) ~[httpclient-4.5.14.jar:4.5.14]
	at org.telegram.telegrambots.updatesreceivers.DefaultBotSession$ReaderThread.getUpdatesFromServer(DefaultBotSession.java:249) ~[telegrambots-6.9.7.1.jar:na]
	at org.telegram.telegrambots.updatesreceivers.DefaultBotSession$ReaderThread.run(DefaultBotSession.java:188) ~[telegrambots-6.9.7.1.jar:na]
Caused by: java.net.ConnectException: Connection timed out: no further information
	at java.base/sun.nio.ch.Net.pollConnect(Native Method) ~[na:na]
	at java.base/sun.nio.ch.Net.pollConnectNow(Net.java:672) ~[na:na]
	at java.base/sun.nio.ch.NioSocketImpl.timedFinishConnect(NioSocketImpl.java:554) ~[na:na]
	at java.base/sun.nio.ch.NioSocketImpl.connect(NioSocketImpl.java:602) ~[na:na]
	at java.base/java.net.SocksSocketImpl.connect(SocksSocketImpl.java:327) ~[na:na]
	at java.base/java.net.Socket.connect(Socket.java:633) ~[na:na]
	at org.apache.http.conn.ssl.SSLConnectionSocketFactory.connectSocket(SSLConnectionSocketFactory.java:368) ~[httpclient-4.5.14.jar:4.5.14]
	at org.apache.http.impl.conn.DefaultHttpClientConnectionOperator.connect(DefaultHttpClientConnectionOperator.java:142) ~[httpclient-4.5.14.jar:4.5.14]
	... 10 common frames omitted

2026-07-09T10:17:28.303+05:00 ERROR 61792 --- [channelpulse] [gram Connection] o.t.t.u.DefaultBotSession                : Connect to api.telegram.org:443 [api.telegram.org/149.154.166.110] failed: Connection timed out: no further information

org.apache.http.conn.HttpHostConnectException: Connect to api.telegram.org:443 [api.telegram.org/149.154.166.110] failed: Connection timed out: no further information
	at org.apache.http.impl.conn.DefaultHttpClientConnectionOperator.connect(DefaultHttpClientConnectionOperator.java:156) ~[httpclient-4.5.14.jar:4.5.14]
	at org.apache.http.impl.conn.PoolingHttpClientConnectionManager.connect(PoolingHttpClientConnectionManager.java:376) ~[httpclient-4.5.14.jar:4.5.14]
	at org.apache.http.impl.execchain.MainClientExec.establishRoute(MainClientExec.java:393) ~[httpclient-4.5.14.jar:4.5.14]
	at org.apache.http.impl.execchain.MainClientExec.execute(MainClientExec.java:236) ~[httpclient-4.5.14.jar:4.5.14]
	at org.apache.http.impl.execchain.ProtocolExec.execute(ProtocolExec.java:186) ~[httpclient-4.5.14.jar:4.5.14]
	at org.apache.http.impl.execchain.RetryExec.execute(RetryExec.java:89) ~[httpclient-4.5.14.jar:4.5.14]
	at org.apache.http.impl.execchain.RedirectExec.execute(RedirectExec.java:110) ~[httpclient-4.5.14.jar:4.5.14]
	at org.apache.http.impl.client.InternalHttpClient.doExecute(InternalHttpClient.java:185) ~[httpclient-4.5.14.jar:4.5.14]
	at org.apache.http.impl.client.CloseableHttpClient.execute(CloseableHttpClient.java:83) ~[httpclient-4.5.14.jar:4.5.14]
	at org.telegram.telegrambots.updatesreceivers.DefaultBotSession$ReaderThread.getUpdatesFromServer(DefaultBotSession.java:249) ~[telegrambots-6.9.7.1.jar:na]
	at org.telegram.telegrambots.updatesreceivers.DefaultBotSession$ReaderThread.run(DefaultBotSession.java:188) ~[telegrambots-6.9.7.1.jar:na]
Caused by: java.net.ConnectException: Connection timed out: no further information
	at java.base/sun.nio.ch.Net.pollConnect(Native Method) ~[na:na]
	at java.base/sun.nio.ch.Net.pollConnectNow(Net.java:672) ~[na:na]
	at java.base/sun.nio.ch.NioSocketImpl.timedFinishConnect(NioSocketImpl.java:554) ~[na:na]
	at java.base/sun.nio.ch.NioSocketImpl.connect(NioSocketImpl.java:602) ~[na:na]
	at java.base/java.net.SocksSocketImpl.connect(SocksSocketImpl.java:327) ~[na:na]
	at java.base/java.net.Socket.connect(Socket.java:633) ~[na:na]
	at org.apache.http.conn.ssl.SSLConnectionSocketFactory.connectSocket(SSLConnectionSocketFactory.java:368) ~[httpclient-4.5.14.jar:4.5.14]
	at org.apache.http.impl.conn.DefaultHttpClientConnectionOperator.connect(DefaultHttpClientConnectionOperator.java:142) ~[httpclient-4.5.14.jar:4.5.14]
	... 10 common frames omitted

2026-07-09T10:17:49.851+05:00 ERROR 61792 --- [channelpulse] [gram Connection] o.t.t.u.DefaultBotSession                : Connect to api.telegram.org:443 [api.telegram.org/149.154.166.110] failed: Connection timed out: no further information

org.apache.http.conn.HttpHostConnectException: Connect to api.telegram.org:443 [api.telegram.org/149.154.166.110] failed: Connection timed out: no further information
	at org.apache.http.impl.conn.DefaultHttpClientConnectionOperator.connect(DefaultHttpClientConnectionOperator.java:156) ~[httpclient-4.5.14.jar:4.5.14]
	at org.apache.http.impl.conn.PoolingHttpClientConnectionManager.connect(PoolingHttpClientConnectionManager.java:376) ~[httpclient-4.5.14.jar:4.5.14]
	at org.apache.http.impl.execchain.MainClientExec.establishRoute(MainClientExec.java:393) ~[httpclient-4.5.14.jar:4.5.14]
	at org.apache.http.impl.execchain.MainClientExec.execute(MainClientExec.java:236) ~[httpclient-4.5.14.jar:4.5.14]
	at org.apache.http.impl.execchain.ProtocolExec.execute(ProtocolExec.java:186) ~[httpclient-4.5.14.jar:4.5.14]
	at org.apache.http.impl.execchain.RetryExec.execute(RetryExec.java:89) ~[httpclient-4.5.14.jar:4.5.14]
	at org.apache.http.impl.execchain.RedirectExec.execute(RedirectExec.java:110) ~[httpclient-4.5.14.jar:4.5.14]
	at org.apache.http.impl.client.InternalHttpClient.doExecute(InternalHttpClient.java:185) ~[httpclient-4.5.14.jar:4.5.14]
	at org.apache.http.impl.client.CloseableHttpClient.execute(CloseableHttpClient.java:83) ~[httpclient-4.5.14.jar:4.5.14]
	at org.telegram.telegrambots.updatesreceivers.DefaultBotSession$ReaderThread.getUpdatesFromServer(DefaultBotSession.java:249) ~[telegrambots-6.9.7.1.jar:na]
	at org.telegram.telegrambots.updatesreceivers.DefaultBotSession$ReaderThread.run(DefaultBotSession.java:188) ~[telegrambots-6.9.7.1.jar:na]
Caused by: java.net.ConnectException: Connection timed out: no further information
	at java.base/sun.nio.ch.Net.pollConnect(Native Method) ~[na:na]
	at java.base/sun.nio.ch.Net.pollConnectNow(Net.java:672) ~[na:na]
	at java.base/sun.nio.ch.NioSocketImpl.timedFinishConnect(NioSocketImpl.java:554) ~[na:na]
	at java.base/sun.nio.ch.NioSocketImpl.connect(NioSocketImpl.java:602) ~[na:na]
	at java.base/java.net.SocksSocketImpl.connect(SocksSocketImpl.java:327) ~[na:na]
	at java.base/java.net.Socket.connect(Socket.java:633) ~[na:na]
	at org.apache.http.conn.ssl.SSLConnectionSocketFactory.connectSocket(SSLConnectionSocketFactory.java:368) ~[httpclient-4.5.14.jar:4.5.14]
	at org.apache.http.impl.conn.DefaultHttpClientConnectionOperator.connect(DefaultHttpClientConnectionOperator.java:142) ~[httpclient-4.5.14.jar:4.5.14]
	... 10 common frames omitted

2026-07-09T10:18:11.381+05:00 ERROR 61792 --- [channelpulse] [gram Connection] o.t.t.u.DefaultBotSession                : Connect to api.telegram.org:443 [api.telegram.org/149.154.166.110] failed: Connection timed out: no further information

org.apache.http.conn.HttpHostConnectException: Connect to api.telegram.org:443 [api.telegram.org/149.154.166.110] failed: Connection timed out: no further information
	at org.apache.http.impl.conn.DefaultHttpClientConnectionOperator.connect(DefaultHttpClientConnectionOperator.java:156) ~[httpclient-4.5.14.jar:4.5.14]
	at org.apache.http.impl.conn.PoolingHttpClientConnectionManager.connect(PoolingHttpClientConnectionManager.java:376) ~[httpclient-4.5.14.jar:4.5.14]
	at org.apache.http.impl.execchain.MainClientExec.establishRoute(MainClientExec.java:393) ~[httpclient-4.5.14.jar:4.5.14]
	at org.apache.http.impl.execchain.MainClientExec.execute(MainClientExec.java:236) ~[httpclient-4.5.14.jar:4.5.14]
	at org.apache.http.impl.execchain.ProtocolExec.execute(ProtocolExec.java:186) ~[httpclient-4.5.14.jar:4.5.14]
	at org.apache.http.impl.execchain.RetryExec.execute(RetryExec.java:89) ~[httpclient-4.5.14.jar:4.5.14]
	at org.apache.http.impl.execchain.RedirectExec.execute(RedirectExec.java:110) ~[httpclient-4.5.14.jar:4.5.14]
	at org.apache.http.impl.client.InternalHttpClient.doExecute(InternalHttpClient.java:185) ~[httpclient-4.5.14.jar:4.5.14]
	at org.apache.http.impl.client.CloseableHttpClient.execute(CloseableHttpClient.java:83) ~[httpclient-4.5.14.jar:4.5.14]
	at org.telegram.telegrambots.updatesreceivers.DefaultBotSession$ReaderThread.getUpdatesFromServer(DefaultBotSession.java:249) ~[telegrambots-6.9.7.1.jar:na]
	at org.telegram.telegrambots.updatesreceivers.DefaultBotSession$ReaderThread.run(DefaultBotSession.java:188) ~[telegrambots-6.9.7.1.jar:na]
Caused by: java.net.ConnectException: Connection timed out: no further information
	at java.base/sun.nio.ch.Net.pollConnect(Native Method) ~[na:na]
	at java.base/sun.nio.ch.Net.pollConnectNow(Net.java:672) ~[na:na]
	at java.base/sun.nio.ch.NioSocketImpl.timedFinishConnect(NioSocketImpl.java:554) ~[na:na]
	at java.base/sun.nio.ch.NioSocketImpl.connect(NioSocketImpl.java:602) ~[na:na]
	at java.base/java.net.SocksSocketImpl.connect(SocksSocketImpl.java:327) ~[na:na]
	at java.base/java.net.Socket.connect(Socket.java:633) ~[na:na]
	at org.apache.http.conn.ssl.SSLConnectionSocketFactory.connectSocket(SSLConnectionSocketFactory.java:368) ~[httpclient-4.5.14.jar:4.5.14]
	at org.apache.http.impl.conn.DefaultHttpClientConnectionOperator.connect(DefaultHttpClientConnectionOperator.java:142) ~[httpclient-4.5.14.jar:4.5.14]
	... 10 common frames omitted

2026-07-09T10:18:32.925+05:00 ERROR 61792 --- [channelpulse] [gram Connection] o.t.t.u.DefaultBotSession                : Connect to api.telegram.org:443 [api.telegram.org/149.154.166.110] failed: Connection timed out: no further information

org.apache.http.conn.HttpHostConnectException: Connect to api.telegram.org:443 [api.telegram.org/149.154.166.110] failed: Connection timed out: no further information
	at org.apache.http.impl.conn.DefaultHttpClientConnectionOperator.connect(DefaultHttpClientConnectionOperator.java:156) ~[httpclient-4.5.14.jar:4.5.14]
	at org.apache.http.impl.conn.PoolingHttpClientConnectionManager.connect(PoolingHttpClientConnectionManager.java:376) ~[httpclient-4.5.14.jar:4.5.14]
	at org.apache.http.impl.execchain.MainClientExec.establishRoute(MainClientExec.java:393) ~[httpclient-4.5.14.jar:4.5.14]
	at org.apache.http.impl.execchain.MainClientExec.execute(MainClientExec.java:236) ~[httpclient-4.5.14.jar:4.5.14]
	at org.apache.http.impl.execchain.ProtocolExec.execute(ProtocolExec.java:186) ~[httpclient-4.5.14.jar:4.5.14]
	at org.apache.http.impl.execchain.RetryExec.execute(RetryExec.java:89) ~[httpclient-4.5.14.jar:4.5.14]
	at org.apache.http.impl.execchain.RedirectExec.execute(RedirectExec.java:110) ~[httpclient-4.5.14.jar:4.5.14]
	at org.apache.http.impl.client.InternalHttpClient.doExecute(InternalHttpClient.java:185) ~[httpclient-4.5.14.jar:4.5.14]
	at org.apache.http.impl.client.CloseableHttpClient.execute(CloseableHttpClient.java:83) ~[httpclient-4.5.14.jar:4.5.14]
	at org.telegram.telegrambots.updatesreceivers.DefaultBotSession$ReaderThread.getUpdatesFromServer(DefaultBotSession.java:249) ~[telegrambots-6.9.7.1.jar:na]
	at org.telegram.telegrambots.updatesreceivers.DefaultBotSession$ReaderThread.run(DefaultBotSession.java:188) ~[telegrambots-6.9.7.1.jar:na]
Caused by: java.net.ConnectException: Connection timed out: no further information
	at java.base/sun.nio.ch.Net.pollConnect(Native Method) ~[na:na]
	at java.base/sun.nio.ch.Net.pollConnectNow(Net.java:672) ~[na:na]
	at java.base/sun.nio.ch.NioSocketImpl.timedFinishConnect(NioSocketImpl.java:554) ~[na:na]
	at java.base/sun.nio.ch.NioSocketImpl.connect(NioSocketImpl.java:602) ~[na:na]
	at java.base/java.net.SocksSocketImpl.connect(SocksSocketImpl.java:327) ~[na:na]
	at java.base/java.net.Socket.connect(Socket.java:633) ~[na:na]
	at org.apache.http.conn.ssl.SSLConnectionSocketFactory.connectSocket(SSLConnectionSocketFactory.java:368) ~[httpclient-4.5.14.jar:4.5.14]
	at org.apache.http.impl.conn.DefaultHttpClientConnectionOperator.connect(DefaultHttpClientConnectionOperator.java:142) ~[httpclient-4.5.14.jar:4.5.14]
	... 10 common frames omitted

2026-07-09T10:18:54.487+05:00 ERROR 61792 --- [channelpulse] [gram Connection] o.t.t.u.DefaultBotSession                : Connect to api.telegram.org:443 [api.telegram.org/149.154.166.110] failed: Connection timed out: no further information

org.apache.http.conn.HttpHostConnectException: Connect to api.telegram.org:443 [api.telegram.org/149.154.166.110] failed: Connection timed out: no further information
	at org.apache.http.impl.conn.DefaultHttpClientConnectionOperator.connect(DefaultHttpClientConnectionOperator.java:156) ~[httpclient-4.5.14.jar:4.5.14]
	at org.apache.http.impl.conn.PoolingHttpClientConnectionManager.connect(PoolingHttpClientConnectionManager.java:376) ~[httpclient-4.5.14.jar:4.5.14]
	at org.apache.http.impl.execchain.MainClientExec.establishRoute(MainClientExec.java:393) ~[httpclient-4.5.14.jar:4.5.14]
	at org.apache.http.impl.execchain.MainClientExec.execute(MainClientExec.java:236) ~[httpclient-4.5.14.jar:4.5.14]
	at org.apache.http.impl.execchain.ProtocolExec.execute(ProtocolExec.java:186) ~[httpclient-4.5.14.jar:4.5.14]
	at org.apache.http.impl.execchain.RetryExec.execute(RetryExec.java:89) ~[httpclient-4.5.14.jar:4.5.14]
	at org.apache.http.impl.execchain.RedirectExec.execute(RedirectExec.java:110) ~[httpclient-4.5.14.jar:4.5.14]
	at org.apache.http.impl.client.InternalHttpClient.doExecute(InternalHttpClient.java:185) ~[httpclient-4.5.14.jar:4.5.14]
	at org.apache.http.impl.client.CloseableHttpClient.execute(CloseableHttpClient.java:83) ~[httpclient-4.5.14.jar:4.5.14]
	at org.telegram.telegrambots.updatesreceivers.DefaultBotSession$ReaderThread.getUpdatesFromServer(DefaultBotSession.java:249) ~[telegrambots-6.9.7.1.jar:na]
	at org.telegram.telegrambots.updatesreceivers.DefaultBotSession$ReaderThread.run(DefaultBotSession.java:188) ~[telegrambots-6.9.7.1.jar:na]
Caused by: java.net.ConnectException: Connection timed out: no further information
	at java.base/sun.nio.ch.Net.pollConnect(Native Method) ~[na:na]
	at java.base/sun.nio.ch.Net.pollConnectNow(Net.java:672) ~[na:na]
	at java.base/sun.nio.ch.NioSocketImpl.timedFinishConnect(NioSocketImpl.java:554) ~[na:na]
	at java.base/sun.nio.ch.NioSocketImpl.connect(NioSocketImpl.java:602) ~[na:na]
	at java.base/java.net.SocksSocketImpl.connect(SocksSocketImpl.java:327) ~[na:na]
	at java.base/java.net.Socket.connect(Socket.java:633) ~[na:na]
	at org.apache.http.conn.ssl.SSLConnectionSocketFactory.connectSocket(SSLConnectionSocketFactory.java:368) ~[httpclient-4.5.14.jar:4.5.14]
	at org.apache.http.impl.conn.DefaultHttpClientConnectionOperator.connect(DefaultHttpClientConnectionOperator.java:142) ~[httpclient-4.5.14.jar:4.5.14]
	... 10 common frames omitted

2026-07-09T10:19:16.030+05:00 ERROR 61792 --- [channelpulse] [gram Connection] o.t.t.u.DefaultBotSession                : Connect to api.telegram.org:443 [api.telegram.org/149.154.166.110] failed: Connection timed out: no further information

org.apache.http.conn.HttpHostConnectException: Connect to api.telegram.org:443 [api.telegram.org/149.154.166.110] failed: Connection timed out: no further information
	at org.apache.http.impl.conn.DefaultHttpClientConnectionOperator.connect(DefaultHttpClientConnectionOperator.java:156) ~[httpclient-4.5.14.jar:4.5.14]
	at org.apache.http.impl.conn.PoolingHttpClientConnectionManager.connect(PoolingHttpClientConnectionManager.java:376) ~[httpclient-4.5.14.jar:4.5.14]
	at org.apache.http.impl.execchain.MainClientExec.establishRoute(MainClientExec.java:393) ~[httpclient-4.5.14.jar:4.5.14]
	at org.apache.http.impl.execchain.MainClientExec.execute(MainClientExec.java:236) ~[httpclient-4.5.14.jar:4.5.14]
	at org.apache.http.impl.execchain.ProtocolExec.execute(ProtocolExec.java:186) ~[httpclient-4.5.14.jar:4.5.14]
	at org.apache.http.impl.execchain.RetryExec.execute(RetryExec.java:89) ~[httpclient-4.5.14.jar:4.5.14]
	at org.apache.http.impl.execchain.RedirectExec.execute(RedirectExec.java:110) ~[httpclient-4.5.14.jar:4.5.14]
	at org.apache.http.impl.client.InternalHttpClient.doExecute(InternalHttpClient.java:185) ~[httpclient-4.5.14.jar:4.5.14]
	at org.apache.http.impl.client.CloseableHttpClient.execute(CloseableHttpClient.java:83) ~[httpclient-4.5.14.jar:4.5.14]
	at org.telegram.telegrambots.updatesreceivers.DefaultBotSession$ReaderThread.getUpdatesFromServer(DefaultBotSession.java:249) ~[telegrambots-6.9.7.1.jar:na]
	at org.telegram.telegrambots.updatesreceivers.DefaultBotSession$ReaderThread.run(DefaultBotSession.java:188) ~[telegrambots-6.9.7.1.jar:na]
Caused by: java.net.ConnectException: Connection timed out: no further information
	at java.base/sun.nio.ch.Net.pollConnect(Native Method) ~[na:na]
	at java.base/sun.nio.ch.Net.pollConnectNow(Net.java:672) ~[na:na]
	at java.base/sun.nio.ch.NioSocketImpl.timedFinishConnect(NioSocketImpl.java:554) ~[na:na]
	at java.base/sun.nio.ch.NioSocketImpl.connect(NioSocketImpl.java:602) ~[na:na]
	at java.base/java.net.SocksSocketImpl.connect(SocksSocketImpl.java:327) ~[na:na]
	at java.base/java.net.Socket.connect(Socket.java:633) ~[na:na]
	at org.apache.http.conn.ssl.SSLConnectionSocketFactory.connectSocket(SSLConnectionSocketFactory.java:368) ~[httpclient-4.5.14.jar:4.5.14]
	at org.apache.http.impl.conn.DefaultHttpClientConnectionOperator.connect(DefaultHttpClientConnectionOperator.java:142) ~[httpclient-4.5.14.jar:4.5.14]
	... 10 common frames omitted

2026-07-09T10:19:37.571+05:00 ERROR 61792 --- [channelpulse] [gram Connection] o.t.t.u.DefaultBotSession                : Connect to api.telegram.org:443 [api.telegram.org/149.154.166.110] failed: Connection timed out: no further information

org.apache.http.conn.HttpHostConnectException: Connect to api.telegram.org:443 [api.telegram.org/149.154.166.110] failed: Connection timed out: no further information
	at org.apache.http.impl.conn.DefaultHttpClientConnectionOperator.connect(DefaultHttpClientConnectionOperator.java:156) ~[httpclient-4.5.14.jar:4.5.14]
	at org.apache.http.impl.conn.PoolingHttpClientConnectionManager.connect(PoolingHttpClientConnectionManager.java:376) ~[httpclient-4.5.14.jar:4.5.14]
	at org.apache.http.impl.execchain.MainClientExec.establishRoute(MainClientExec.java:393) ~[httpclient-4.5.14.jar:4.5.14]
	at org.apache.http.impl.execchain.MainClientExec.execute(MainClientExec.java:236) ~[httpclient-4.5.14.jar:4.5.14]
	at org.apache.http.impl.execchain.ProtocolExec.execute(ProtocolExec.java:186) ~[httpclient-4.5.14.jar:4.5.14]
	at org.apache.http.impl.execchain.RetryExec.execute(RetryExec.java:89) ~[httpclient-4.5.14.jar:4.5.14]
	at org.apache.http.impl.execchain.RedirectExec.execute(RedirectExec.java:110) ~[httpclient-4.5.14.jar:4.5.14]
	at org.apache.http.impl.client.InternalHttpClient.doExecute(InternalHttpClient.java:185) ~[httpclient-4.5.14.jar:4.5.14]
	at org.apache.http.impl.client.CloseableHttpClient.execute(CloseableHttpClient.java:83) ~[httpclient-4.5.14.jar:4.5.14]
	at org.telegram.telegrambots.updatesreceivers.DefaultBotSession$ReaderThread.getUpdatesFromServer(DefaultBotSession.java:249) ~[telegrambots-6.9.7.1.jar:na]
	at org.telegram.telegrambots.updatesreceivers.DefaultBotSession$ReaderThread.run(DefaultBotSession.java:188) ~[telegrambots-6.9.7.1.jar:na]
Caused by: java.net.ConnectException: Connection timed out: no further information
	at java.base/sun.nio.ch.Net.pollConnect(Native Method) ~[na:na]
	at java.base/sun.nio.ch.Net.pollConnectNow(Net.java:672) ~[na:na]
	at java.base/sun.nio.ch.NioSocketImpl.timedFinishConnect(NioSocketImpl.java:554) ~[na:na]
	at java.base/sun.nio.ch.NioSocketImpl.connect(NioSocketImpl.java:602) ~[na:na]
	at java.base/java.net.SocksSocketImpl.connect(SocksSocketImpl.java:327) ~[na:na]
	at java.base/java.net.Socket.connect(Socket.java:633) ~[na:na]
	at org.apache.http.conn.ssl.SSLConnectionSocketFactory.connectSocket(SSLConnectionSocketFactory.java:368) ~[httpclient-4.5.14.jar:4.5.14]
	at org.apache.http.impl.conn.DefaultHttpClientConnectionOperator.connect(DefaultHttpClientConnectionOperator.java:142) ~[httpclient-4.5.14.jar:4.5.14]
	... 10 common frames omitted

2026-07-09T10:19:59.115+05:00 ERROR 61792 --- [channelpulse] [gram Connection] o.t.t.u.DefaultBotSession                : Connect to api.telegram.org:443 [api.telegram.org/149.154.166.110] failed: Connection timed out: no further information

org.apache.http.conn.HttpHostConnectException: Connect to api.telegram.org:443 [api.telegram.org/149.154.166.110] failed: Connection timed out: no further information
	at org.apache.http.impl.conn.DefaultHttpClientConnectionOperator.connect(DefaultHttpClientConnectionOperator.java:156) ~[httpclient-4.5.14.jar:4.5.14]
	at org.apache.http.impl.conn.PoolingHttpClientConnectionManager.connect(PoolingHttpClientConnectionManager.java:376) ~[httpclient-4.5.14.jar:4.5.14]
	at org.apache.http.impl.execchain.MainClientExec.establishRoute(MainClientExec.java:393) ~[httpclient-4.5.14.jar:4.5.14]
	at org.apache.http.impl.execchain.MainClientExec.execute(MainClientExec.java:236) ~[httpclient-4.5.14.jar:4.5.14]
	at org.apache.http.impl.execchain.ProtocolExec.execute(ProtocolExec.java:186) ~[httpclient-4.5.14.jar:4.5.14]
	at org.apache.http.impl.execchain.RetryExec.execute(RetryExec.java:89) ~[httpclient-4.5.14.jar:4.5.14]
	at org.apache.http.impl.execchain.RedirectExec.execute(RedirectExec.java:110) ~[httpclient-4.5.14.jar:4.5.14]
	at org.apache.http.impl.client.InternalHttpClient.doExecute(InternalHttpClient.java:185) ~[httpclient-4.5.14.jar:4.5.14]
	at org.apache.http.impl.client.CloseableHttpClient.execute(CloseableHttpClient.java:83) ~[httpclient-4.5.14.jar:4.5.14]
	at org.telegram.telegrambots.updatesreceivers.DefaultBotSession$ReaderThread.getUpdatesFromServer(DefaultBotSession.java:249) ~[telegrambots-6.9.7.1.jar:na]
	at org.telegram.telegrambots.updatesreceivers.DefaultBotSession$ReaderThread.run(DefaultBotSession.java:188) ~[telegrambots-6.9.7.1.jar:na]
Caused by: java.net.ConnectException: Connection timed out: no further information
	at java.base/sun.nio.ch.Net.pollConnect(Native Method) ~[na:na]
	at java.base/sun.nio.ch.Net.pollConnectNow(Net.java:672) ~[na:na]
	at java.base/sun.nio.ch.NioSocketImpl.timedFinishConnect(NioSocketImpl.java:554) ~[na:na]
	at java.base/sun.nio.ch.NioSocketImpl.connect(NioSocketImpl.java:602) ~[na:na]
	at java.base/java.net.SocksSocketImpl.connect(SocksSocketImpl.java:327) ~[na:na]
	at java.base/java.net.Socket.connect(Socket.java:633) ~[na:na]
	at org.apache.http.conn.ssl.SSLConnectionSocketFactory.connectSocket(SSLConnectionSocketFactory.java:368) ~[httpclient-4.5.14.jar:4.5.14]
	at org.apache.http.impl.conn.DefaultHttpClientConnectionOperator.connect(DefaultHttpClientConnectionOperator.java:142) ~[httpclient-4.5.14.jar:4.5.14]
	... 10 common frames omitted

2026-07-09T10:20:20.672+05:00 ERROR 61792 --- [channelpulse] [gram Connection] o.t.t.u.DefaultBotSession                : Connect to api.telegram.org:443 [api.telegram.org/149.154.166.110] failed: Connection timed out: no further information

org.apache.http.conn.HttpHostConnectException: Connect to api.telegram.org:443 [api.telegram.org/149.154.166.110] failed: Connection timed out: no further information
	at org.apache.http.impl.conn.DefaultHttpClientConnectionOperator.connect(DefaultHttpClientConnectionOperator.java:156) ~[httpclient-4.5.14.jar:4.5.14]
	at org.apache.http.impl.conn.PoolingHttpClientConnectionManager.connect(PoolingHttpClientConnectionManager.java:376) ~[httpclient-4.5.14.jar:4.5.14]
	at org.apache.http.impl.execchain.MainClientExec.establishRoute(MainClientExec.java:393) ~[httpclient-4.5.14.jar:4.5.14]
	at org.apache.http.impl.execchain.MainClientExec.execute(MainClientExec.java:236) ~[httpclient-4.5.14.jar:4.5.14]
	at org.apache.http.impl.execchain.ProtocolExec.execute(ProtocolExec.java:186) ~[httpclient-4.5.14.jar:4.5.14]
	at org.apache.http.impl.execchain.RetryExec.execute(RetryExec.java:89) ~[httpclient-4.5.14.jar:4.5.14]
	at org.apache.http.impl.execchain.RedirectExec.execute(RedirectExec.java:110) ~[httpclient-4.5.14.jar:4.5.14]
	at org.apache.http.impl.client.InternalHttpClient.doExecute(InternalHttpClient.java:185) ~[httpclient-4.5.14.jar:4.5.14]
	at org.apache.http.impl.client.CloseableHttpClient.execute(CloseableHttpClient.java:83) ~[httpclient-4.5.14.jar:4.5.14]
	at org.telegram.telegrambots.updatesreceivers.DefaultBotSession$ReaderThread.getUpdatesFromServer(DefaultBotSession.java:249) ~[telegrambots-6.9.7.1.jar:na]
	at org.telegram.telegrambots.updatesreceivers.DefaultBotSession$ReaderThread.run(DefaultBotSession.java:188) ~[telegrambots-6.9.7.1.jar:na]
Caused by: java.net.ConnectException: Connection timed out: no further information
	at java.base/sun.nio.ch.Net.pollConnect(Native Method) ~[na:na]
	at java.base/sun.nio.ch.Net.pollConnectNow(Net.java:672) ~[na:na]
	at java.base/sun.nio.ch.NioSocketImpl.timedFinishConnect(NioSocketImpl.java:554) ~[na:na]
	at java.base/sun.nio.ch.NioSocketImpl.connect(NioSocketImpl.java:602) ~[na:na]
	at java.base/java.net.SocksSocketImpl.connect(SocksSocketImpl.java:327) ~[na:na]
	at java.base/java.net.Socket.connect(Socket.java:633) ~[na:na]
	at org.apache.http.conn.ssl.SSLConnectionSocketFactory.connectSocket(SSLConnectionSocketFactory.java:368) ~[httpclient-4.5.14.jar:4.5.14]
	at org.apache.http.impl.conn.DefaultHttpClientConnectionOperator.connect(DefaultHttpClientConnectionOperator.java:142) ~[httpclient-4.5.14.jar:4.5.14]
	... 10 common frames omitted

2026-07-09T10:20:42.225+05:00 ERROR 61792 --- [channelpulse] [gram Connection] o.t.t.u.DefaultBotSession                : Connect to api.telegram.org:443 [api.telegram.org/149.154.166.110] failed: Connection timed out: no further information

org.apache.http.conn.HttpHostConnectException: Connect to api.telegram.org:443 [api.telegram.org/149.154.166.110] failed: Connection timed out: no further information
	at org.apache.http.impl.conn.DefaultHttpClientConnectionOperator.connect(DefaultHttpClientConnectionOperator.java:156) ~[httpclient-4.5.14.jar:4.5.14]
	at org.apache.http.impl.conn.PoolingHttpClientConnectionManager.connect(PoolingHttpClientConnectionManager.java:376) ~[httpclient-4.5.14.jar:4.5.14]
	at org.apache.http.impl.execchain.MainClientExec.establishRoute(MainClientExec.java:393) ~[httpclient-4.5.14.jar:4.5.14]
	at org.apache.http.impl.execchain.MainClientExec.execute(MainClientExec.java:236) ~[httpclient-4.5.14.jar:4.5.14]
	at org.apache.http.impl.execchain.ProtocolExec.execute(ProtocolExec.java:186) ~[httpclient-4.5.14.jar:4.5.14]
	at org.apache.http.impl.execchain.RetryExec.execute(RetryExec.java:89) ~[httpclient-4.5.14.jar:4.5.14]
	at org.apache.http.impl.execchain.RedirectExec.execute(RedirectExec.java:110) ~[httpclient-4.5.14.jar:4.5.14]
	at org.apache.http.impl.client.InternalHttpClient.doExecute(InternalHttpClient.java:185) ~[httpclient-4.5.14.jar:4.5.14]
	at org.apache.http.impl.client.CloseableHttpClient.execute(CloseableHttpClient.java:83) ~[httpclient-4.5.14.jar:4.5.14]
	at org.telegram.telegrambots.updatesreceivers.DefaultBotSession$ReaderThread.getUpdatesFromServer(DefaultBotSession.java:249) ~[telegrambots-6.9.7.1.jar:na]
	at org.telegram.telegrambots.updatesreceivers.DefaultBotSession$ReaderThread.run(DefaultBotSession.java:188) ~[telegrambots-6.9.7.1.jar:na]
Caused by: java.net.ConnectException: Connection timed out: no further information
	at java.base/sun.nio.ch.Net.pollConnect(Native Method) ~[na:na]
	at java.base/sun.nio.ch.Net.pollConnectNow(Net.java:672) ~[na:na]
	at java.base/sun.nio.ch.NioSocketImpl.timedFinishConnect(NioSocketImpl.java:554) ~[na:na]
	at java.base/sun.nio.ch.NioSocketImpl.connect(NioSocketImpl.java:602) ~[na:na]
	at java.base/java.net.SocksSocketImpl.connect(SocksSocketImpl.java:327) ~[na:na]
	at java.base/java.net.Socket.connect(Socket.java:633) ~[na:na]
	at org.apache.http.conn.ssl.SSLConnectionSocketFactory.connectSocket(SSLConnectionSocketFactory.java:368) ~[httpclient-4.5.14.jar:4.5.14]
	at org.apache.http.impl.conn.DefaultHttpClientConnectionOperator.connect(DefaultHttpClientConnectionOperator.java:142) ~[httpclient-4.5.14.jar:4.5.14]
	... 10 common frames omitted

2026-07-09T10:21:03.779+05:00 ERROR 61792 --- [channelpulse] [gram Connection] o.t.t.u.DefaultBotSession                : Connect to api.telegram.org:443 [api.telegram.org/149.154.166.110] failed: Connection timed out: no further information

org.apache.http.conn.HttpHostConnectException: Connect to api.telegram.org:443 [api.telegram.org/149.154.166.110] failed: Connection timed out: no further information
	at org.apache.http.impl.conn.DefaultHttpClientConnectionOperator.connect(DefaultHttpClientConnectionOperator.java:156) ~[httpclient-4.5.14.jar:4.5.14]
	at org.apache.http.impl.conn.PoolingHttpClientConnectionManager.connect(PoolingHttpClientConnectionManager.java:376) ~[httpclient-4.5.14.jar:4.5.14]
	at org.apache.http.impl.execchain.MainClientExec.establishRoute(MainClientExec.java:393) ~[httpclient-4.5.14.jar:4.5.14]
	at org.apache.http.impl.execchain.MainClientExec.execute(MainClientExec.java:236) ~[httpclient-4.5.14.jar:4.5.14]
	at org.apache.http.impl.execchain.ProtocolExec.execute(ProtocolExec.java:186) ~[httpclient-4.5.14.jar:4.5.14]
	at org.apache.http.impl.execchain.RetryExec.execute(RetryExec.java:89) ~[httpclient-4.5.14.jar:4.5.14]
	at org.apache.http.impl.execchain.RedirectExec.execute(RedirectExec.java:110) ~[httpclient-4.5.14.jar:4.5.14]
	at org.apache.http.impl.client.InternalHttpClient.doExecute(InternalHttpClient.java:185) ~[httpclient-4.5.14.jar:4.5.14]
	at org.apache.http.impl.client.CloseableHttpClient.execute(CloseableHttpClient.java:83) ~[httpclient-4.5.14.jar:4.5.14]
	at org.telegram.telegrambots.updatesreceivers.DefaultBotSession$ReaderThread.getUpdatesFromServer(DefaultBotSession.java:249) ~[telegrambots-6.9.7.1.jar:na]
	at org.telegram.telegrambots.updatesreceivers.DefaultBotSession$ReaderThread.run(DefaultBotSession.java:188) ~[telegrambots-6.9.7.1.jar:na]
Caused by: java.net.ConnectException: Connection timed out: no further information
	at java.base/sun.nio.ch.Net.pollConnect(Native Method) ~[na:na]
	at java.base/sun.nio.ch.Net.pollConnectNow(Net.java:672) ~[na:na]
	at java.base/sun.nio.ch.NioSocketImpl.timedFinishConnect(NioSocketImpl.java:554) ~[na:na]
	at java.base/sun.nio.ch.NioSocketImpl.connect(NioSocketImpl.java:602) ~[na:na]
	at java.base/java.net.SocksSocketImpl.connect(SocksSocketImpl.java:327) ~[na:na]
	at java.base/java.net.Socket.connect(Socket.java:633) ~[na:na]
	at org.apache.http.conn.ssl.SSLConnectionSocketFactory.connectSocket(SSLConnectionSocketFactory.java:368) ~[httpclient-4.5.14.jar:4.5.14]
	at org.apache.http.impl.conn.DefaultHttpClientConnectionOperator.connect(DefaultHttpClientConnectionOperator.java:142) ~[httpclient-4.5.14.jar:4.5.14]
	... 10 common frames omitted

2026-07-09T10:21:25.341+05:00 ERROR 61792 --- [channelpulse] [gram Connection] o.t.t.u.DefaultBotSession                : Connect to api.telegram.org:443 [api.telegram.org/149.154.166.110] failed: Connection timed out: no further information

org.apache.http.conn.HttpHostConnectException: Connect to api.telegram.org:443 [api.telegram.org/149.154.166.110] failed: Connection timed out: no further information
	at org.apache.http.impl.conn.DefaultHttpClientConnectionOperator.connect(DefaultHttpClientConnectionOperator.java:156) ~[httpclient-4.5.14.jar:4.5.14]
	at org.apache.http.impl.conn.PoolingHttpClientConnectionManager.connect(PoolingHttpClientConnectionManager.java:376) ~[httpclient-4.5.14.jar:4.5.14]
	at org.apache.http.impl.execchain.MainClientExec.establishRoute(MainClientExec.java:393) ~[httpclient-4.5.14.jar:4.5.14]
	at org.apache.http.impl.execchain.MainClientExec.execute(MainClientExec.java:236) ~[httpclient-4.5.14.jar:4.5.14]
	at org.apache.http.impl.execchain.ProtocolExec.execute(ProtocolExec.java:186) ~[httpclient-4.5.14.jar:4.5.14]
	at org.apache.http.impl.execchain.RetryExec.execute(RetryExec.java:89) ~[httpclient-4.5.14.jar:4.5.14]
	at org.apache.http.impl.execchain.RedirectExec.execute(RedirectExec.java:110) ~[httpclient-4.5.14.jar:4.5.14]
	at org.apache.http.impl.client.InternalHttpClient.doExecute(InternalHttpClient.java:185) ~[httpclient-4.5.14.jar:4.5.14]
	at org.apache.http.impl.client.CloseableHttpClient.execute(CloseableHttpClient.java:83) ~[httpclient-4.5.14.jar:4.5.14]
	at org.telegram.telegrambots.updatesreceivers.DefaultBotSession$ReaderThread.getUpdatesFromServer(DefaultBotSession.java:249) ~[telegrambots-6.9.7.1.jar:na]
	at org.telegram.telegrambots.updatesreceivers.DefaultBotSession$ReaderThread.run(DefaultBotSession.java:188) ~[telegrambots-6.9.7.1.jar:na]
Caused by: java.net.ConnectException: Connection timed out: no further information
	at java.base/sun.nio.ch.Net.pollConnect(Native Method) ~[na:na]
	at java.base/sun.nio.ch.Net.pollConnectNow(Net.java:672) ~[na:na]
	at java.base/sun.nio.ch.NioSocketImpl.timedFinishConnect(NioSocketImpl.java:554) ~[na:na]
	at java.base/sun.nio.ch.NioSocketImpl.connect(NioSocketImpl.java:602) ~[na:na]
	at java.base/java.net.SocksSocketImpl.connect(SocksSocketImpl.java:327) ~[na:na]
	at java.base/java.net.Socket.connect(Socket.java:633) ~[na:na]
	at org.apache.http.conn.ssl.SSLConnectionSocketFactory.connectSocket(SSLConnectionSocketFactory.java:368) ~[httpclient-4.5.14.jar:4.5.14]
	at org.apache.http.impl.conn.DefaultHttpClientConnectionOperator.connect(DefaultHttpClientConnectionOperator.java:142) ~[httpclient-4.5.14.jar:4.5.14]
	... 10 common frames omitted

2026-07-09T10:21:46.889+05:00 ERROR 61792 --- [channelpulse] [gram Connection] o.t.t.u.DefaultBotSession                : Connect to api.telegram.org:443 [api.telegram.org/149.154.166.110] failed: Connection timed out: no further information

org.apache.http.conn.HttpHostConnectException: Connect to api.telegram.org:443 [api.telegram.org/149.154.166.110] failed: Connection timed out: no further information
	at org.apache.http.impl.conn.DefaultHttpClientConnectionOperator.connect(DefaultHttpClientConnectionOperator.java:156) ~[httpclient-4.5.14.jar:4.5.14]
	at org.apache.http.impl.conn.PoolingHttpClientConnectionManager.connect(PoolingHttpClientConnectionManager.java:376) ~[httpclient-4.5.14.jar:4.5.14]
	at org.apache.http.impl.execchain.MainClientExec.establishRoute(MainClientExec.java:393) ~[httpclient-4.5.14.jar:4.5.14]
	at org.apache.http.impl.execchain.MainClientExec.execute(MainClientExec.java:236) ~[httpclient-4.5.14.jar:4.5.14]
	at org.apache.http.impl.execchain.ProtocolExec.execute(ProtocolExec.java:186) ~[httpclient-4.5.14.jar:4.5.14]
	at org.apache.http.impl.execchain.RetryExec.execute(RetryExec.java:89) ~[httpclient-4.5.14.jar:4.5.14]
	at org.apache.http.impl.execchain.RedirectExec.execute(RedirectExec.java:110) ~[httpclient-4.5.14.jar:4.5.14]
	at org.apache.http.impl.client.InternalHttpClient.doExecute(InternalHttpClient.java:185) ~[httpclient-4.5.14.jar:4.5.14]
	at org.apache.http.impl.client.CloseableHttpClient.execute(CloseableHttpClient.java:83) ~[httpclient-4.5.14.jar:4.5.14]
	at org.telegram.telegrambots.updatesreceivers.DefaultBotSession$ReaderThread.getUpdatesFromServer(DefaultBotSession.java:249) ~[telegrambots-6.9.7.1.jar:na]
	at org.telegram.telegrambots.updatesreceivers.DefaultBotSession$ReaderThread.run(DefaultBotSession.java:188) ~[telegrambots-6.9.7.1.jar:na]
Caused by: java.net.ConnectException: Connection timed out: no further information
	at java.base/sun.nio.ch.Net.pollConnect(Native Method) ~[na:na]
	at java.base/sun.nio.ch.Net.pollConnectNow(Net.java:672) ~[na:na]
	at java.base/sun.nio.ch.NioSocketImpl.timedFinishConnect(NioSocketImpl.java:554) ~[na:na]
	at java.base/sun.nio.ch.NioSocketImpl.connect(NioSocketImpl.java:602) ~[na:na]
	at java.base/java.net.SocksSocketImpl.connect(SocksSocketImpl.java:327) ~[na:na]
	at java.base/java.net.Socket.connect(Socket.java:633) ~[na:na]
	at org.apache.http.conn.ssl.SSLConnectionSocketFactory.connectSocket(SSLConnectionSocketFactory.java:368) ~[httpclient-4.5.14.jar:4.5.14]
	at org.apache.http.impl.conn.DefaultHttpClientConnectionOperator.connect(DefaultHttpClientConnectionOperator.java:142) ~[httpclient-4.5.14.jar:4.5.14]
	... 10 common frames omitted

2026-07-09T10:22:08.448+05:00 ERROR 61792 --- [channelpulse] [gram Connection] o.t.t.u.DefaultBotSession                : Connect to api.telegram.org:443 [api.telegram.org/149.154.166.110] failed: Connection timed out: no further information

org.apache.http.conn.HttpHostConnectException: Connect to api.telegram.org:443 [api.telegram.org/149.154.166.110] failed: Connection timed out: no further information
	at org.apache.http.impl.conn.DefaultHttpClientConnectionOperator.connect(DefaultHttpClientConnectionOperator.java:156) ~[httpclient-4.5.14.jar:4.5.14]
	at org.apache.http.impl.conn.PoolingHttpClientConnectionManager.connect(PoolingHttpClientConnectionManager.java:376) ~[httpclient-4.5.14.jar:4.5.14]
	at org.apache.http.impl.execchain.MainClientExec.establishRoute(MainClientExec.java:393) ~[httpclient-4.5.14.jar:4.5.14]
	at org.apache.http.impl.execchain.MainClientExec.execute(MainClientExec.java:236) ~[httpclient-4.5.14.jar:4.5.14]
	at org.apache.http.impl.execchain.ProtocolExec.execute(ProtocolExec.java:186) ~[httpclient-4.5.14.jar:4.5.14]
	at org.apache.http.impl.execchain.RetryExec.execute(RetryExec.java:89) ~[httpclient-4.5.14.jar:4.5.14]
	at org.apache.http.impl.execchain.RedirectExec.execute(RedirectExec.java:110) ~[httpclient-4.5.14.jar:4.5.14]
	at org.apache.http.impl.client.InternalHttpClient.doExecute(InternalHttpClient.java:185) ~[httpclient-4.5.14.jar:4.5.14]
	at org.apache.http.impl.client.CloseableHttpClient.execute(CloseableHttpClient.java:83) ~[httpclient-4.5.14.jar:4.5.14]
	at org.telegram.telegrambots.updatesreceivers.DefaultBotSession$ReaderThread.getUpdatesFromServer(DefaultBotSession.java:249) ~[telegrambots-6.9.7.1.jar:na]
	at org.telegram.telegrambots.updatesreceivers.DefaultBotSession$ReaderThread.run(DefaultBotSession.java:188) ~[telegrambots-6.9.7.1.jar:na]
Caused by: java.net.ConnectException: Connection timed out: no further information
	at java.base/sun.nio.ch.Net.pollConnect(Native Method) ~[na:na]
	at java.base/sun.nio.ch.Net.pollConnectNow(Net.java:672) ~[na:na]
	at java.base/sun.nio.ch.NioSocketImpl.timedFinishConnect(NioSocketImpl.java:554) ~[na:na]
	at java.base/sun.nio.ch.NioSocketImpl.connect(NioSocketImpl.java:602) ~[na:na]
	at java.base/java.net.SocksSocketImpl.connect(SocksSocketImpl.java:327) ~[na:na]
	at java.base/java.net.Socket.connect(Socket.java:633) ~[na:na]
	at org.apache.http.conn.ssl.SSLConnectionSocketFactory.connectSocket(SSLConnectionSocketFactory.java:368) ~[httpclient-4.5.14.jar:4.5.14]
	at org.apache.http.impl.conn.DefaultHttpClientConnectionOperator.connect(DefaultHttpClientConnectionOperator.java:142) ~[httpclient-4.5.14.jar:4.5.14]
	... 10 common frames omitted

2026-07-09T10:22:29.993+05:00 ERROR 61792 --- [channelpulse] [gram Connection] o.t.t.u.DefaultBotSession                : Connect to api.telegram.org:443 [api.telegram.org/149.154.166.110] failed: Connection timed out: no further information

org.apache.http.conn.HttpHostConnectException: Connect to api.telegram.org:443 [api.telegram.org/149.154.166.110] failed: Connection timed out: no further information
	at org.apache.http.impl.conn.DefaultHttpClientConnectionOperator.connect(DefaultHttpClientConnectionOperator.java:156) ~[httpclient-4.5.14.jar:4.5.14]
	at org.apache.http.impl.conn.PoolingHttpClientConnectionManager.connect(PoolingHttpClientConnectionManager.java:376) ~[httpclient-4.5.14.jar:4.5.14]
	at org.apache.http.impl.execchain.MainClientExec.establishRoute(MainClientExec.java:393) ~[httpclient-4.5.14.jar:4.5.14]
	at org.apache.http.impl.execchain.MainClientExec.execute(MainClientExec.java:236) ~[httpclient-4.5.14.jar:4.5.14]
	at org.apache.http.impl.execchain.ProtocolExec.execute(ProtocolExec.java:186) ~[httpclient-4.5.14.jar:4.5.14]
	at org.apache.http.impl.execchain.RetryExec.execute(RetryExec.java:89) ~[httpclient-4.5.14.jar:4.5.14]
	at org.apache.http.impl.execchain.RedirectExec.execute(RedirectExec.java:110) ~[httpclient-4.5.14.jar:4.5.14]
	at org.apache.http.impl.client.InternalHttpClient.doExecute(InternalHttpClient.java:185) ~[httpclient-4.5.14.jar:4.5.14]
	at org.apache.http.impl.client.CloseableHttpClient.execute(CloseableHttpClient.java:83) ~[httpclient-4.5.14.jar:4.5.14]
	at org.telegram.telegrambots.updatesreceivers.DefaultBotSession$ReaderThread.getUpdatesFromServer(DefaultBotSession.java:249) ~[telegrambots-6.9.7.1.jar:na]
	at org.telegram.telegrambots.updatesreceivers.DefaultBotSession$ReaderThread.run(DefaultBotSession.java:188) ~[telegrambots-6.9.7.1.jar:na]
Caused by: java.net.ConnectException: Connection timed out: no further information
	at java.base/sun.nio.ch.Net.pollConnect(Native Method) ~[na:na]
	at java.base/sun.nio.ch.Net.pollConnectNow(Net.java:672) ~[na:na]
	at java.base/sun.nio.ch.NioSocketImpl.timedFinishConnect(NioSocketImpl.java:554) ~[na:na]
	at java.base/sun.nio.ch.NioSocketImpl.connect(NioSocketImpl.java:602) ~[na:na]
	at java.base/java.net.SocksSocketImpl.connect(SocksSocketImpl.java:327) ~[na:na]
	at java.base/java.net.Socket.connect(Socket.java:633) ~[na:na]
	at org.apache.http.conn.ssl.SSLConnectionSocketFactory.connectSocket(SSLConnectionSocketFactory.java:368) ~[httpclient-4.5.14.jar:4.5.14]
	at org.apache.http.impl.conn.DefaultHttpClientConnectionOperator.connect(DefaultHttpClientConnectionOperator.java:142) ~[httpclient-4.5.14.jar:4.5.14]
	... 10 common frames omitted

2026-07-09T10:22:51.596+05:00 ERROR 61792 --- [channelpulse] [gram Connection] o.t.t.u.DefaultBotSession                : Connect to api.telegram.org:443 [api.telegram.org/149.154.166.110] failed: Connection timed out: no further information

org.apache.http.conn.HttpHostConnectException: Connect to api.telegram.org:443 [api.telegram.org/149.154.166.110] failed: Connection timed out: no further information
	at org.apache.http.impl.conn.DefaultHttpClientConnectionOperator.connect(DefaultHttpClientConnectionOperator.java:156) ~[httpclient-4.5.14.jar:4.5.14]
	at org.apache.http.impl.conn.PoolingHttpClientConnectionManager.connect(PoolingHttpClientConnectionManager.java:376) ~[httpclient-4.5.14.jar:4.5.14]
	at org.apache.http.impl.execchain.MainClientExec.establishRoute(MainClientExec.java:393) ~[httpclient-4.5.14.jar:4.5.14]
	at org.apache.http.impl.execchain.MainClientExec.execute(MainClientExec.java:236) ~[httpclient-4.5.14.jar:4.5.14]
	at org.apache.http.impl.execchain.ProtocolExec.execute(ProtocolExec.java:186) ~[httpclient-4.5.14.jar:4.5.14]
	at org.apache.http.impl.execchain.RetryExec.execute(RetryExec.java:89) ~[httpclient-4.5.14.jar:4.5.14]
	at org.apache.http.impl.execchain.RedirectExec.execute(RedirectExec.java:110) ~[httpclient-4.5.14.jar:4.5.14]
	at org.apache.http.impl.client.InternalHttpClient.doExecute(InternalHttpClient.java:185) ~[httpclient-4.5.14.jar:4.5.14]
	at org.apache.http.impl.client.CloseableHttpClient.execute(CloseableHttpClient.java:83) ~[httpclient-4.5.14.jar:4.5.14]
	at org.telegram.telegrambots.updatesreceivers.DefaultBotSession$ReaderThread.getUpdatesFromServer(DefaultBotSession.java:249) ~[telegrambots-6.9.7.1.jar:na]
	at org.telegram.telegrambots.updatesreceivers.DefaultBotSession$ReaderThread.run(DefaultBotSession.java:188) ~[telegrambots-6.9.7.1.jar:na]
Caused by: java.net.ConnectException: Connection timed out: no further information
	at java.base/sun.nio.ch.Net.pollConnect(Native Method) ~[na:na]
	at java.base/sun.nio.ch.Net.pollConnectNow(Net.java:672) ~[na:na]
	at java.base/sun.nio.ch.NioSocketImpl.timedFinishConnect(NioSocketImpl.java:554) ~[na:na]
	at java.base/sun.nio.ch.NioSocketImpl.connect(NioSocketImpl.java:602) ~[na:na]
	at java.base/java.net.SocksSocketImpl.connect(SocksSocketImpl.java:327) ~[na:na]
	at java.base/java.net.Socket.connect(Socket.java:633) ~[na:na]
	at org.apache.http.conn.ssl.SSLConnectionSocketFactory.connectSocket(SSLConnectionSocketFactory.java:368) ~[httpclient-4.5.14.jar:4.5.14]
	at org.apache.http.impl.conn.DefaultHttpClientConnectionOperator.connect(DefaultHttpClientConnectionOperator.java:142) ~[httpclient-4.5.14.jar:4.5.14]
	... 10 common frames omitted

2026-07-09T10:23:13.137+05:00 ERROR 61792 --- [channelpulse] [gram Connection] o.t.t.u.DefaultBotSession                : Connect to api.telegram.org:443 [api.telegram.org/149.154.166.110] failed: Connection timed out: no further information

org.apache.http.conn.HttpHostConnectException: Connect to api.telegram.org:443 [api.telegram.org/149.154.166.110] failed: Connection timed out: no further information
	at org.apache.http.impl.conn.DefaultHttpClientConnectionOperator.connect(DefaultHttpClientConnectionOperator.java:156) ~[httpclient-4.5.14.jar:4.5.14]
	at org.apache.http.impl.conn.PoolingHttpClientConnectionManager.connect(PoolingHttpClientConnectionManager.java:376) ~[httpclient-4.5.14.jar:4.5.14]
	at org.apache.http.impl.execchain.MainClientExec.establishRoute(MainClientExec.java:393) ~[httpclient-4.5.14.jar:4.5.14]
	at org.apache.http.impl.execchain.MainClientExec.execute(MainClientExec.java:236) ~[httpclient-4.5.14.jar:4.5.14]
	at org.apache.http.impl.execchain.ProtocolExec.execute(ProtocolExec.java:186) ~[httpclient-4.5.14.jar:4.5.14]
	at org.apache.http.impl.execchain.RetryExec.execute(RetryExec.java:89) ~[httpclient-4.5.14.jar:4.5.14]
	at org.apache.http.impl.execchain.RedirectExec.execute(RedirectExec.java:110) ~[httpclient-4.5.14.jar:4.5.14]
	at org.apache.http.impl.client.InternalHttpClient.doExecute(InternalHttpClient.java:185) ~[httpclient-4.5.14.jar:4.5.14]
	at org.apache.http.impl.client.CloseableHttpClient.execute(CloseableHttpClient.java:83) ~[httpclient-4.5.14.jar:4.5.14]
	at org.telegram.telegrambots.updatesreceivers.DefaultBotSession$ReaderThread.getUpdatesFromServer(DefaultBotSession.java:249) ~[telegrambots-6.9.7.1.jar:na]
	at org.telegram.telegrambots.updatesreceivers.DefaultBotSession$ReaderThread.run(DefaultBotSession.java:188) ~[telegrambots-6.9.7.1.jar:na]
Caused by: java.net.ConnectException: Connection timed out: no further information
	at java.base/sun.nio.ch.Net.pollConnect(Native Method) ~[na:na]
	at java.base/sun.nio.ch.Net.pollConnectNow(Net.java:672) ~[na:na]
	at java.base/sun.nio.ch.NioSocketImpl.timedFinishConnect(NioSocketImpl.java:554) ~[na:na]
	at java.base/sun.nio.ch.NioSocketImpl.connect(NioSocketImpl.java:602) ~[na:na]
	at java.base/java.net.SocksSocketImpl.connect(SocksSocketImpl.java:327) ~[na:na]
	at java.base/java.net.Socket.connect(Socket.java:633) ~[na:na]
	at org.apache.http.conn.ssl.SSLConnectionSocketFactory.connectSocket(SSLConnectionSocketFactory.java:368) ~[httpclient-4.5.14.jar:4.5.14]
	at org.apache.http.impl.conn.DefaultHttpClientConnectionOperator.connect(DefaultHttpClientConnectionOperator.java:142) ~[httpclient-4.5.14.jar:4.5.14]
	... 10 common frames omitted

2026-07-09T10:23:34.715+05:00 ERROR 61792 --- [channelpulse] [gram Connection] o.t.t.u.DefaultBotSession                : Connect to api.telegram.org:443 [api.telegram.org/149.154.166.110] failed: Connection timed out: no further information

org.apache.http.conn.HttpHostConnectException: Connect to api.telegram.org:443 [api.telegram.org/149.154.166.110] failed: Connection timed out: no further information
	at org.apache.http.impl.conn.DefaultHttpClientConnectionOperator.connect(DefaultHttpClientConnectionOperator.java:156) ~[httpclient-4.5.14.jar:4.5.14]
	at org.apache.http.impl.conn.PoolingHttpClientConnectionManager.connect(PoolingHttpClientConnectionManager.java:376) ~[httpclient-4.5.14.jar:4.5.14]
	at org.apache.http.impl.execchain.MainClientExec.establishRoute(MainClientExec.java:393) ~[httpclient-4.5.14.jar:4.5.14]
	at org.apache.http.impl.execchain.MainClientExec.execute(MainClientExec.java:236) ~[httpclient-4.5.14.jar:4.5.14]
	at org.apache.http.impl.execchain.ProtocolExec.execute(ProtocolExec.java:186) ~[httpclient-4.5.14.jar:4.5.14]
	at org.apache.http.impl.execchain.RetryExec.execute(RetryExec.java:89) ~[httpclient-4.5.14.jar:4.5.14]
	at org.apache.http.impl.execchain.RedirectExec.execute(RedirectExec.java:110) ~[httpclient-4.5.14.jar:4.5.14]
	at org.apache.http.impl.client.InternalHttpClient.doExecute(InternalHttpClient.java:185) ~[httpclient-4.5.14.jar:4.5.14]
	at org.apache.http.impl.client.CloseableHttpClient.execute(CloseableHttpClient.java:83) ~[httpclient-4.5.14.jar:4.5.14]
	at org.telegram.telegrambots.updatesreceivers.DefaultBotSession$ReaderThread.getUpdatesFromServer(DefaultBotSession.java:249) ~[telegrambots-6.9.7.1.jar:na]
	at org.telegram.telegrambots.updatesreceivers.DefaultBotSession$ReaderThread.run(DefaultBotSession.java:188) ~[telegrambots-6.9.7.1.jar:na]
Caused by: java.net.ConnectException: Connection timed out: no further information
	at java.base/sun.nio.ch.Net.pollConnect(Native Method) ~[na:na]
	at java.base/sun.nio.ch.Net.pollConnectNow(Net.java:672) ~[na:na]
	at java.base/sun.nio.ch.NioSocketImpl.timedFinishConnect(NioSocketImpl.java:554) ~[na:na]
	at java.base/sun.nio.ch.NioSocketImpl.connect(NioSocketImpl.java:602) ~[na:na]
	at java.base/java.net.SocksSocketImpl.connect(SocksSocketImpl.java:327) ~[na:na]
	at java.base/java.net.Socket.connect(Socket.java:633) ~[na:na]
	at org.apache.http.conn.ssl.SSLConnectionSocketFactory.connectSocket(SSLConnectionSocketFactory.java:368) ~[httpclient-4.5.14.jar:4.5.14]
	at org.apache.http.impl.conn.DefaultHttpClientConnectionOperator.connect(DefaultHttpClientConnectionOperator.java:142) ~[httpclient-4.5.14.jar:4.5.14]
	... 10 common frames omitted

2026-07-09T10:23:56.261+05:00 ERROR 61792 --- [channelpulse] [gram Connection] o.t.t.u.DefaultBotSession                : Connect to api.telegram.org:443 [api.telegram.org/149.154.166.110] failed: Connection timed out: no further information

org.apache.http.conn.HttpHostConnectException: Connect to api.telegram.org:443 [api.telegram.org/149.154.166.110] failed: Connection timed out: no further information
	at org.apache.http.impl.conn.DefaultHttpClientConnectionOperator.connect(DefaultHttpClientConnectionOperator.java:156) ~[httpclient-4.5.14.jar:4.5.14]
	at org.apache.http.impl.conn.PoolingHttpClientConnectionManager.connect(PoolingHttpClientConnectionManager.java:376) ~[httpclient-4.5.14.jar:4.5.14]
	at org.apache.http.impl.execchain.MainClientExec.establishRoute(MainClientExec.java:393) ~[httpclient-4.5.14.jar:4.5.14]
	at org.apache.http.impl.execchain.MainClientExec.execute(MainClientExec.java:236) ~[httpclient-4.5.14.jar:4.5.14]
	at org.apache.http.impl.execchain.ProtocolExec.execute(ProtocolExec.java:186) ~[httpclient-4.5.14.jar:4.5.14]
	at org.apache.http.impl.execchain.RetryExec.execute(RetryExec.java:89) ~[httpclient-4.5.14.jar:4.5.14]
	at org.apache.http.impl.execchain.RedirectExec.execute(RedirectExec.java:110) ~[httpclient-4.5.14.jar:4.5.14]
	at org.apache.http.impl.client.InternalHttpClient.doExecute(InternalHttpClient.java:185) ~[httpclient-4.5.14.jar:4.5.14]
	at org.apache.http.impl.client.CloseableHttpClient.execute(CloseableHttpClient.java:83) ~[httpclient-4.5.14.jar:4.5.14]
	at org.telegram.telegrambots.updatesreceivers.DefaultBotSession$ReaderThread.getUpdatesFromServer(DefaultBotSession.java:249) ~[telegrambots-6.9.7.1.jar:na]
	at org.telegram.telegrambots.updatesreceivers.DefaultBotSession$ReaderThread.run(DefaultBotSession.java:188) ~[telegrambots-6.9.7.1.jar:na]
Caused by: java.net.ConnectException: Connection timed out: no further information
	at java.base/sun.nio.ch.Net.pollConnect(Native Method) ~[na:na]
	at java.base/sun.nio.ch.Net.pollConnectNow(Net.java:672) ~[na:na]
	at java.base/sun.nio.ch.NioSocketImpl.timedFinishConnect(NioSocketImpl.java:554) ~[na:na]
	at java.base/sun.nio.ch.NioSocketImpl.connect(NioSocketImpl.java:602) ~[na:na]
	at java.base/java.net.SocksSocketImpl.connect(SocksSocketImpl.java:327) ~[na:na]
	at java.base/java.net.Socket.connect(Socket.java:633) ~[na:na]
	at org.apache.http.conn.ssl.SSLConnectionSocketFactory.connectSocket(SSLConnectionSocketFactory.java:368) ~[httpclient-4.5.14.jar:4.5.14]
	at org.apache.http.impl.conn.DefaultHttpClientConnectionOperator.connect(DefaultHttpClientConnectionOperator.java:142) ~[httpclient-4.5.14.jar:4.5.14]
	... 10 common frames omitted

2026-07-09T10:24:17.801+05:00 ERROR 61792 --- [channelpulse] [gram Connection] o.t.t.u.DefaultBotSession                : Connect to api.telegram.org:443 [api.telegram.org/149.154.166.110] failed: Connection timed out: no further information

org.apache.http.conn.HttpHostConnectException: Connect to api.telegram.org:443 [api.telegram.org/149.154.166.110] failed: Connection timed out: no further information
	at org.apache.http.impl.conn.DefaultHttpClientConnectionOperator.connect(DefaultHttpClientConnectionOperator.java:156) ~[httpclient-4.5.14.jar:4.5.14]
	at org.apache.http.impl.conn.PoolingHttpClientConnectionManager.connect(PoolingHttpClientConnectionManager.java:376) ~[httpclient-4.5.14.jar:4.5.14]
	at org.apache.http.impl.execchain.MainClientExec.establishRoute(MainClientExec.java:393) ~[httpclient-4.5.14.jar:4.5.14]
	at org.apache.http.impl.execchain.MainClientExec.execute(MainClientExec.java:236) ~[httpclient-4.5.14.jar:4.5.14]
	at org.apache.http.impl.execchain.ProtocolExec.execute(ProtocolExec.java:186) ~[httpclient-4.5.14.jar:4.5.14]
	at org.apache.http.impl.execchain.RetryExec.execute(RetryExec.java:89) ~[httpclient-4.5.14.jar:4.5.14]
	at org.apache.http.impl.execchain.RedirectExec.execute(RedirectExec.java:110) ~[httpclient-4.5.14.jar:4.5.14]
	at org.apache.http.impl.client.InternalHttpClient.doExecute(InternalHttpClient.java:185) ~[httpclient-4.5.14.jar:4.5.14]
	at org.apache.http.impl.client.CloseableHttpClient.execute(CloseableHttpClient.java:83) ~[httpclient-4.5.14.jar:4.5.14]
	at org.telegram.telegrambots.updatesreceivers.DefaultBotSession$ReaderThread.getUpdatesFromServer(DefaultBotSession.java:249) ~[telegrambots-6.9.7.1.jar:na]
	at org.telegram.telegrambots.updatesreceivers.DefaultBotSession$ReaderThread.run(DefaultBotSession.java:188) ~[telegrambots-6.9.7.1.jar:na]
Caused by: java.net.ConnectException: Connection timed out: no further information
	at java.base/sun.nio.ch.Net.pollConnect(Native Method) ~[na:na]
	at java.base/sun.nio.ch.Net.pollConnectNow(Net.java:672) ~[na:na]
	at java.base/sun.nio.ch.NioSocketImpl.timedFinishConnect(NioSocketImpl.java:554) ~[na:na]
	at java.base/sun.nio.ch.NioSocketImpl.connect(NioSocketImpl.java:602) ~[na:na]
	at java.base/java.net.SocksSocketImpl.connect(SocksSocketImpl.java:327) ~[na:na]
	at java.base/java.net.Socket.connect(Socket.java:633) ~[na:na]
	at org.apache.http.conn.ssl.SSLConnectionSocketFactory.connectSocket(SSLConnectionSocketFactory.java:368) ~[httpclient-4.5.14.jar:4.5.14]
	at org.apache.http.impl.conn.DefaultHttpClientConnectionOperator.connect(DefaultHttpClientConnectionOperator.java:142) ~[httpclient-4.5.14.jar:4.5.14]
	... 10 common frames omitted

2026-07-09T10:24:39.355+05:00 ERROR 61792 --- [channelpulse] [gram Connection] o.t.t.u.DefaultBotSession                : Connect to api.telegram.org:443 [api.telegram.org/149.154.166.110] failed: Connection timed out: no further information

org.apache.http.conn.HttpHostConnectException: Connect to api.telegram.org:443 [api.telegram.org/149.154.166.110] failed: Connection timed out: no further information
	at org.apache.http.impl.conn.DefaultHttpClientConnectionOperator.connect(DefaultHttpClientConnectionOperator.java:156) ~[httpclient-4.5.14.jar:4.5.14]
	at org.apache.http.impl.conn.PoolingHttpClientConnectionManager.connect(PoolingHttpClientConnectionManager.java:376) ~[httpclient-4.5.14.jar:4.5.14]
	at org.apache.http.impl.execchain.MainClientExec.establishRoute(MainClientExec.java:393) ~[httpclient-4.5.14.jar:4.5.14]
	at org.apache.http.impl.execchain.MainClientExec.execute(MainClientExec.java:236) ~[httpclient-4.5.14.jar:4.5.14]
	at org.apache.http.impl.execchain.ProtocolExec.execute(ProtocolExec.java:186) ~[httpclient-4.5.14.jar:4.5.14]
	at org.apache.http.impl.execchain.RetryExec.execute(RetryExec.java:89) ~[httpclient-4.5.14.jar:4.5.14]
	at org.apache.http.impl.execchain.RedirectExec.execute(RedirectExec.java:110) ~[httpclient-4.5.14.jar:4.5.14]
	at org.apache.http.impl.client.InternalHttpClient.doExecute(InternalHttpClient.java:185) ~[httpclient-4.5.14.jar:4.5.14]
	at org.apache.http.impl.client.CloseableHttpClient.execute(CloseableHttpClient.java:83) ~[httpclient-4.5.14.jar:4.5.14]
	at org.telegram.telegrambots.updatesreceivers.DefaultBotSession$ReaderThread.getUpdatesFromServer(DefaultBotSession.java:249) ~[telegrambots-6.9.7.1.jar:na]
	at org.telegram.telegrambots.updatesreceivers.DefaultBotSession$ReaderThread.run(DefaultBotSession.java:188) ~[telegrambots-6.9.7.1.jar:na]
Caused by: java.net.ConnectException: Connection timed out: no further information
	at java.base/sun.nio.ch.Net.pollConnect(Native Method) ~[na:na]
	at java.base/sun.nio.ch.Net.pollConnectNow(Net.java:672) ~[na:na]
	at java.base/sun.nio.ch.NioSocketImpl.timedFinishConnect(NioSocketImpl.java:554) ~[na:na]
	at java.base/sun.nio.ch.NioSocketImpl.connect(NioSocketImpl.java:602) ~[na:na]
	at java.base/java.net.SocksSocketImpl.connect(SocksSocketImpl.java:327) ~[na:na]
	at java.base/java.net.Socket.connect(Socket.java:633) ~[na:na]
	at org.apache.http.conn.ssl.SSLConnectionSocketFactory.connectSocket(SSLConnectionSocketFactory.java:368) ~[httpclient-4.5.14.jar:4.5.14]
	at org.apache.http.impl.conn.DefaultHttpClientConnectionOperator.connect(DefaultHttpClientConnectionOperator.java:142) ~[httpclient-4.5.14.jar:4.5.14]
	... 10 common frames omitted

2026-07-09T10:25:00.902+05:00 ERROR 61792 --- [channelpulse] [gram Connection] o.t.t.u.DefaultBotSession                : Connect to api.telegram.org:443 [api.telegram.org/149.154.166.110] failed: Connection timed out: no further information

org.apache.http.conn.HttpHostConnectException: Connect to api.telegram.org:443 [api.telegram.org/149.154.166.110] failed: Connection timed out: no further information
	at org.apache.http.impl.conn.DefaultHttpClientConnectionOperator.connect(DefaultHttpClientConnectionOperator.java:156) ~[httpclient-4.5.14.jar:4.5.14]
	at org.apache.http.impl.conn.PoolingHttpClientConnectionManager.connect(PoolingHttpClientConnectionManager.java:376) ~[httpclient-4.5.14.jar:4.5.14]
	at org.apache.http.impl.execchain.MainClientExec.establishRoute(MainClientExec.java:393) ~[httpclient-4.5.14.jar:4.5.14]
	at org.apache.http.impl.execchain.MainClientExec.execute(MainClientExec.java:236) ~[httpclient-4.5.14.jar:4.5.14]
	at org.apache.http.impl.execchain.ProtocolExec.execute(ProtocolExec.java:186) ~[httpclient-4.5.14.jar:4.5.14]
	at org.apache.http.impl.execchain.RetryExec.execute(RetryExec.java:89) ~[httpclient-4.5.14.jar:4.5.14]
	at org.apache.http.impl.execchain.RedirectExec.execute(RedirectExec.java:110) ~[httpclient-4.5.14.jar:4.5.14]
	at org.apache.http.impl.client.InternalHttpClient.doExecute(InternalHttpClient.java:185) ~[httpclient-4.5.14.jar:4.5.14]
	at org.apache.http.impl.client.CloseableHttpClient.execute(CloseableHttpClient.java:83) ~[httpclient-4.5.14.jar:4.5.14]
	at org.telegram.telegrambots.updatesreceivers.DefaultBotSession$ReaderThread.getUpdatesFromServer(DefaultBotSession.java:249) ~[telegrambots-6.9.7.1.jar:na]
	at org.telegram.telegrambots.updatesreceivers.DefaultBotSession$ReaderThread.run(DefaultBotSession.java:188) ~[telegrambots-6.9.7.1.jar:na]
Caused by: java.net.ConnectException: Connection timed out: no further information
	at java.base/sun.nio.ch.Net.pollConnect(Native Method) ~[na:na]
	at java.base/sun.nio.ch.Net.pollConnectNow(Net.java:672) ~[na:na]
	at java.base/sun.nio.ch.NioSocketImpl.timedFinishConnect(NioSocketImpl.java:554) ~[na:na]
	at java.base/sun.nio.ch.NioSocketImpl.connect(NioSocketImpl.java:602) ~[na:na]
	at java.base/java.net.SocksSocketImpl.connect(SocksSocketImpl.java:327) ~[na:na]
	at java.base/java.net.Socket.connect(Socket.java:633) ~[na:na]
	at org.apache.http.conn.ssl.SSLConnectionSocketFactory.connectSocket(SSLConnectionSocketFactory.java:368) ~[httpclient-4.5.14.jar:4.5.14]
	at org.apache.http.impl.conn.DefaultHttpClientConnectionOperator.connect(DefaultHttpClientConnectionOperator.java:142) ~[httpclient-4.5.14.jar:4.5.14]
	... 10 common frames omitted

2026-07-09T10:25:22.437+05:00 ERROR 61792 --- [channelpulse] [gram Connection] o.t.t.u.DefaultBotSession                : Connect to api.telegram.org:443 [api.telegram.org/149.154.166.110] failed: Connection timed out: no further information

org.apache.http.conn.HttpHostConnectException: Connect to api.telegram.org:443 [api.telegram.org/149.154.166.110] failed: Connection timed out: no further information
	at org.apache.http.impl.conn.DefaultHttpClientConnectionOperator.connect(DefaultHttpClientConnectionOperator.java:156) ~[httpclient-4.5.14.jar:4.5.14]
	at org.apache.http.impl.conn.PoolingHttpClientConnectionManager.connect(PoolingHttpClientConnectionManager.java:376) ~[httpclient-4.5.14.jar:4.5.14]
	at org.apache.http.impl.execchain.MainClientExec.establishRoute(MainClientExec.java:393) ~[httpclient-4.5.14.jar:4.5.14]
	at org.apache.http.impl.execchain.MainClientExec.execute(MainClientExec.java:236) ~[httpclient-4.5.14.jar:4.5.14]
	at org.apache.http.impl.execchain.ProtocolExec.execute(ProtocolExec.java:186) ~[httpclient-4.5.14.jar:4.5.14]
	at org.apache.http.impl.execchain.RetryExec.execute(RetryExec.java:89) ~[httpclient-4.5.14.jar:4.5.14]
	at org.apache.http.impl.execchain.RedirectExec.execute(RedirectExec.java:110) ~[httpclient-4.5.14.jar:4.5.14]
	at org.apache.http.impl.client.InternalHttpClient.doExecute(InternalHttpClient.java:185) ~[httpclient-4.5.14.jar:4.5.14]
	at org.apache.http.impl.client.CloseableHttpClient.execute(CloseableHttpClient.java:83) ~[httpclient-4.5.14.jar:4.5.14]
	at org.telegram.telegrambots.updatesreceivers.DefaultBotSession$ReaderThread.getUpdatesFromServer(DefaultBotSession.java:249) ~[telegrambots-6.9.7.1.jar:na]
	at org.telegram.telegrambots.updatesreceivers.DefaultBotSession$ReaderThread.run(DefaultBotSession.java:188) ~[telegrambots-6.9.7.1.jar:na]
Caused by: java.net.ConnectException: Connection timed out: no further information
	at java.base/sun.nio.ch.Net.pollConnect(Native Method) ~[na:na]
	at java.base/sun.nio.ch.Net.pollConnectNow(Net.java:672) ~[na:na]
	at java.base/sun.nio.ch.NioSocketImpl.timedFinishConnect(NioSocketImpl.java:554) ~[na:na]
	at java.base/sun.nio.ch.NioSocketImpl.connect(NioSocketImpl.java:602) ~[na:na]
	at java.base/java.net.SocksSocketImpl.connect(SocksSocketImpl.java:327) ~[na:na]
	at java.base/java.net.Socket.connect(Socket.java:633) ~[na:na]
	at org.apache.http.conn.ssl.SSLConnectionSocketFactory.connectSocket(SSLConnectionSocketFactory.java:368) ~[httpclient-4.5.14.jar:4.5.14]
	at org.apache.http.impl.conn.DefaultHttpClientConnectionOperator.connect(DefaultHttpClientConnectionOperator.java:142) ~[httpclient-4.5.14.jar:4.5.14]
	... 10 common frames omitted

2026-07-09T10:25:43.982+05:00 ERROR 61792 --- [channelpulse] [gram Connection] o.t.t.u.DefaultBotSession                : Connect to api.telegram.org:443 [api.telegram.org/149.154.166.110] failed: Connection timed out: no further information

org.apache.http.conn.HttpHostConnectException: Connect to api.telegram.org:443 [api.telegram.org/149.154.166.110] failed: Connection timed out: no further information
	at org.apache.http.impl.conn.DefaultHttpClientConnectionOperator.connect(DefaultHttpClientConnectionOperator.java:156) ~[httpclient-4.5.14.jar:4.5.14]
	at org.apache.http.impl.conn.PoolingHttpClientConnectionManager.connect(PoolingHttpClientConnectionManager.java:376) ~[httpclient-4.5.14.jar:4.5.14]
	at org.apache.http.impl.execchain.MainClientExec.establishRoute(MainClientExec.java:393) ~[httpclient-4.5.14.jar:4.5.14]
	at org.apache.http.impl.execchain.MainClientExec.execute(MainClientExec.java:236) ~[httpclient-4.5.14.jar:4.5.14]
	at org.apache.http.impl.execchain.ProtocolExec.execute(ProtocolExec.java:186) ~[httpclient-4.5.14.jar:4.5.14]
	at org.apache.http.impl.execchain.RetryExec.execute(RetryExec.java:89) ~[httpclient-4.5.14.jar:4.5.14]
	at org.apache.http.impl.execchain.RedirectExec.execute(RedirectExec.java:110) ~[httpclient-4.5.14.jar:4.5.14]
	at org.apache.http.impl.client.InternalHttpClient.doExecute(InternalHttpClient.java:185) ~[httpclient-4.5.14.jar:4.5.14]
	at org.apache.http.impl.client.CloseableHttpClient.execute(CloseableHttpClient.java:83) ~[httpclient-4.5.14.jar:4.5.14]
	at org.telegram.telegrambots.updatesreceivers.DefaultBotSession$ReaderThread.getUpdatesFromServer(DefaultBotSession.java:249) ~[telegrambots-6.9.7.1.jar:na]
	at org.telegram.telegrambots.updatesreceivers.DefaultBotSession$ReaderThread.run(DefaultBotSession.java:188) ~[telegrambots-6.9.7.1.jar:na]
Caused by: java.net.ConnectException: Connection timed out: no further information
	at java.base/sun.nio.ch.Net.pollConnect(Native Method) ~[na:na]
	at java.base/sun.nio.ch.Net.pollConnectNow(Net.java:672) ~[na:na]
	at java.base/sun.nio.ch.NioSocketImpl.timedFinishConnect(NioSocketImpl.java:554) ~[na:na]
	at java.base/sun.nio.ch.NioSocketImpl.connect(NioSocketImpl.java:602) ~[na:na]
	at java.base/java.net.SocksSocketImpl.connect(SocksSocketImpl.java:327) ~[na:na]
	at java.base/java.net.Socket.connect(Socket.java:633) ~[na:na]
	at org.apache.http.conn.ssl.SSLConnectionSocketFactory.connectSocket(SSLConnectionSocketFactory.java:368) ~[httpclient-4.5.14.jar:4.5.14]
	at org.apache.http.impl.conn.DefaultHttpClientConnectionOperator.connect(DefaultHttpClientConnectionOperator.java:142) ~[httpclient-4.5.14.jar:4.5.14]
	... 10 common frames omitted

2026-07-09T10:26:05.552+05:00 ERROR 61792 --- [channelpulse] [gram Connection] o.t.t.u.DefaultBotSession                : Connect to api.telegram.org:443 [api.telegram.org/149.154.166.110] failed: Connection timed out: no further information

org.apache.http.conn.HttpHostConnectException: Connect to api.telegram.org:443 [api.telegram.org/149.154.166.110] failed: Connection timed out: no further information
	at org.apache.http.impl.conn.DefaultHttpClientConnectionOperator.connect(DefaultHttpClientConnectionOperator.java:156) ~[httpclient-4.5.14.jar:4.5.14]
	at org.apache.http.impl.conn.PoolingHttpClientConnectionManager.connect(PoolingHttpClientConnectionManager.java:376) ~[httpclient-4.5.14.jar:4.5.14]
	at org.apache.http.impl.execchain.MainClientExec.establishRoute(MainClientExec.java:393) ~[httpclient-4.5.14.jar:4.5.14]
	at org.apache.http.impl.execchain.MainClientExec.execute(MainClientExec.java:236) ~[httpclient-4.5.14.jar:4.5.14]
	at org.apache.http.impl.execchain.ProtocolExec.execute(ProtocolExec.java:186) ~[httpclient-4.5.14.jar:4.5.14]
	at org.apache.http.impl.execchain.RetryExec.execute(RetryExec.java:89) ~[httpclient-4.5.14.jar:4.5.14]
	at org.apache.http.impl.execchain.RedirectExec.execute(RedirectExec.java:110) ~[httpclient-4.5.14.jar:4.5.14]
	at org.apache.http.impl.client.InternalHttpClient.doExecute(InternalHttpClient.java:185) ~[httpclient-4.5.14.jar:4.5.14]
	at org.apache.http.impl.client.CloseableHttpClient.execute(CloseableHttpClient.java:83) ~[httpclient-4.5.14.jar:4.5.14]
	at org.telegram.telegrambots.updatesreceivers.DefaultBotSession$ReaderThread.getUpdatesFromServer(DefaultBotSession.java:249) ~[telegrambots-6.9.7.1.jar:na]
	at org.telegram.telegrambots.updatesreceivers.DefaultBotSession$ReaderThread.run(DefaultBotSession.java:188) ~[telegrambots-6.9.7.1.jar:na]
Caused by: java.net.ConnectException: Connection timed out: no further information
	at java.base/sun.nio.ch.Net.pollConnect(Native Method) ~[na:na]
	at java.base/sun.nio.ch.Net.pollConnectNow(Net.java:672) ~[na:na]
	at java.base/sun.nio.ch.NioSocketImpl.timedFinishConnect(NioSocketImpl.java:554) ~[na:na]
	at java.base/sun.nio.ch.NioSocketImpl.connect(NioSocketImpl.java:602) ~[na:na]
	at java.base/java.net.SocksSocketImpl.connect(SocksSocketImpl.java:327) ~[na:na]
	at java.base/java.net.Socket.connect(Socket.java:633) ~[na:na]
	at org.apache.http.conn.ssl.SSLConnectionSocketFactory.connectSocket(SSLConnectionSocketFactory.java:368) ~[httpclient-4.5.14.jar:4.5.14]
	at org.apache.http.impl.conn.DefaultHttpClientConnectionOperator.connect(DefaultHttpClientConnectionOperator.java:142) ~[httpclient-4.5.14.jar:4.5.14]
	... 10 common frames omitted

2026-07-09T10:26:27.113+05:00 ERROR 61792 --- [channelpulse] [gram Connection] o.t.t.u.DefaultBotSession                : Connect to api.telegram.org:443 [api.telegram.org/149.154.166.110] failed: Connection timed out: no further information

org.apache.http.conn.HttpHostConnectException: Connect to api.telegram.org:443 [api.telegram.org/149.154.166.110] failed: Connection timed out: no further information
	at org.apache.http.impl.conn.DefaultHttpClientConnectionOperator.connect(DefaultHttpClientConnectionOperator.java:156) ~[httpclient-4.5.14.jar:4.5.14]
	at org.apache.http.impl.conn.PoolingHttpClientConnectionManager.connect(PoolingHttpClientConnectionManager.java:376) ~[httpclient-4.5.14.jar:4.5.14]
	at org.apache.http.impl.execchain.MainClientExec.establishRoute(MainClientExec.java:393) ~[httpclient-4.5.14.jar:4.5.14]
	at org.apache.http.impl.execchain.MainClientExec.execute(MainClientExec.java:236) ~[httpclient-4.5.14.jar:4.5.14]
	at org.apache.http.impl.execchain.ProtocolExec.execute(ProtocolExec.java:186) ~[httpclient-4.5.14.jar:4.5.14]
	at org.apache.http.impl.execchain.RetryExec.execute(RetryExec.java:89) ~[httpclient-4.5.14.jar:4.5.14]
	at org.apache.http.impl.execchain.RedirectExec.execute(RedirectExec.java:110) ~[httpclient-4.5.14.jar:4.5.14]
	at org.apache.http.impl.client.InternalHttpClient.doExecute(InternalHttpClient.java:185) ~[httpclient-4.5.14.jar:4.5.14]
	at org.apache.http.impl.client.CloseableHttpClient.execute(CloseableHttpClient.java:83) ~[httpclient-4.5.14.jar:4.5.14]
	at org.telegram.telegrambots.updatesreceivers.DefaultBotSession$ReaderThread.getUpdatesFromServer(DefaultBotSession.java:249) ~[telegrambots-6.9.7.1.jar:na]
	at org.telegram.telegrambots.updatesreceivers.DefaultBotSession$ReaderThread.run(DefaultBotSession.java:188) ~[telegrambots-6.9.7.1.jar:na]
Caused by: java.net.ConnectException: Connection timed out: no further information
	at java.base/sun.nio.ch.Net.pollConnect(Native Method) ~[na:na]
	at java.base/sun.nio.ch.Net.pollConnectNow(Net.java:672) ~[na:na]
	at java.base/sun.nio.ch.NioSocketImpl.timedFinishConnect(NioSocketImpl.java:554) ~[na:na]
	at java.base/sun.nio.ch.NioSocketImpl.connect(NioSocketImpl.java:602) ~[na:na]
	at java.base/java.net.SocksSocketImpl.connect(SocksSocketImpl.java:327) ~[na:na]
	at java.base/java.net.Socket.connect(Socket.java:633) ~[na:na]
	at org.apache.http.conn.ssl.SSLConnectionSocketFactory.connectSocket(SSLConnectionSocketFactory.java:368) ~[httpclient-4.5.14.jar:4.5.14]
	at org.apache.http.impl.conn.DefaultHttpClientConnectionOperator.connect(DefaultHttpClientConnectionOperator.java:142) ~[httpclient-4.5.14.jar:4.5.14]
	... 10 common frames omitted

2026-07-09T10:26:48.661+05:00 ERROR 61792 --- [channelpulse] [gram Connection] o.t.t.u.DefaultBotSession                : Connect to api.telegram.org:443 [api.telegram.org/149.154.166.110] failed: Connection timed out: no further information

org.apache.http.conn.HttpHostConnectException: Connect to api.telegram.org:443 [api.telegram.org/149.154.166.110] failed: Connection timed out: no further information
	at org.apache.http.impl.conn.DefaultHttpClientConnectionOperator.connect(DefaultHttpClientConnectionOperator.java:156) ~[httpclient-4.5.14.jar:4.5.14]
	at org.apache.http.impl.conn.PoolingHttpClientConnectionManager.connect(PoolingHttpClientConnectionManager.java:376) ~[httpclient-4.5.14.jar:4.5.14]
	at org.apache.http.impl.execchain.MainClientExec.establishRoute(MainClientExec.java:393) ~[httpclient-4.5.14.jar:4.5.14]
	at org.apache.http.impl.execchain.MainClientExec.execute(MainClientExec.java:236) ~[httpclient-4.5.14.jar:4.5.14]
	at org.apache.http.impl.execchain.ProtocolExec.execute(ProtocolExec.java:186) ~[httpclient-4.5.14.jar:4.5.14]
	at org.apache.http.impl.execchain.RetryExec.execute(RetryExec.java:89) ~[httpclient-4.5.14.jar:4.5.14]
	at org.apache.http.impl.execchain.RedirectExec.execute(RedirectExec.java:110) ~[httpclient-4.5.14.jar:4.5.14]
	at org.apache.http.impl.client.InternalHttpClient.doExecute(InternalHttpClient.java:185) ~[httpclient-4.5.14.jar:4.5.14]
	at org.apache.http.impl.client.CloseableHttpClient.execute(CloseableHttpClient.java:83) ~[httpclient-4.5.14.jar:4.5.14]
	at org.telegram.telegrambots.updatesreceivers.DefaultBotSession$ReaderThread.getUpdatesFromServer(DefaultBotSession.java:249) ~[telegrambots-6.9.7.1.jar:na]
	at org.telegram.telegrambots.updatesreceivers.DefaultBotSession$ReaderThread.run(DefaultBotSession.java:188) ~[telegrambots-6.9.7.1.jar:na]
Caused by: java.net.ConnectException: Connection timed out: no further information
	at java.base/sun.nio.ch.Net.pollConnect(Native Method) ~[na:na]
	at java.base/sun.nio.ch.Net.pollConnectNow(Net.java:672) ~[na:na]
	at java.base/sun.nio.ch.NioSocketImpl.timedFinishConnect(NioSocketImpl.java:554) ~[na:na]
	at java.base/sun.nio.ch.NioSocketImpl.connect(NioSocketImpl.java:602) ~[na:na]
	at java.base/java.net.SocksSocketImpl.connect(SocksSocketImpl.java:327) ~[na:na]
	at java.base/java.net.Socket.connect(Socket.java:633) ~[na:na]
	at org.apache.http.conn.ssl.SSLConnectionSocketFactory.connectSocket(SSLConnectionSocketFactory.java:368) ~[httpclient-4.5.14.jar:4.5.14]
	at org.apache.http.impl.conn.DefaultHttpClientConnectionOperator.connect(DefaultHttpClientConnectionOperator.java:142) ~[httpclient-4.5.14.jar:4.5.14]
	... 10 common frames omitted

2026-07-09T10:27:10.224+05:00 ERROR 61792 --- [channelpulse] [gram Connection] o.t.t.u.DefaultBotSession                : Connect to api.telegram.org:443 [api.telegram.org/149.154.166.110] failed: Connection timed out: no further information

org.apache.http.conn.HttpHostConnectException: Connect to api.telegram.org:443 [api.telegram.org/149.154.166.110] failed: Connection timed out: no further information
	at org.apache.http.impl.conn.DefaultHttpClientConnectionOperator.connect(DefaultHttpClientConnectionOperator.java:156) ~[httpclient-4.5.14.jar:4.5.14]
	at org.apache.http.impl.conn.PoolingHttpClientConnectionManager.connect(PoolingHttpClientConnectionManager.java:376) ~[httpclient-4.5.14.jar:4.5.14]
	at org.apache.http.impl.execchain.MainClientExec.establishRoute(MainClientExec.java:393) ~[httpclient-4.5.14.jar:4.5.14]
	at org.apache.http.impl.execchain.MainClientExec.execute(MainClientExec.java:236) ~[httpclient-4.5.14.jar:4.5.14]
	at org.apache.http.impl.execchain.ProtocolExec.execute(ProtocolExec.java:186) ~[httpclient-4.5.14.jar:4.5.14]
	at org.apache.http.impl.execchain.RetryExec.execute(RetryExec.java:89) ~[httpclient-4.5.14.jar:4.5.14]
	at org.apache.http.impl.execchain.RedirectExec.execute(RedirectExec.java:110) ~[httpclient-4.5.14.jar:4.5.14]
	at org.apache.http.impl.client.InternalHttpClient.doExecute(InternalHttpClient.java:185) ~[httpclient-4.5.14.jar:4.5.14]
	at org.apache.http.impl.client.CloseableHttpClient.execute(CloseableHttpClient.java:83) ~[httpclient-4.5.14.jar:4.5.14]
	at org.telegram.telegrambots.updatesreceivers.DefaultBotSession$ReaderThread.getUpdatesFromServer(DefaultBotSession.java:249) ~[telegrambots-6.9.7.1.jar:na]
	at org.telegram.telegrambots.updatesreceivers.DefaultBotSession$ReaderThread.run(DefaultBotSession.java:188) ~[telegrambots-6.9.7.1.jar:na]
Caused by: java.net.ConnectException: Connection timed out: no further information
	at java.base/sun.nio.ch.Net.pollConnect(Native Method) ~[na:na]
	at java.base/sun.nio.ch.Net.pollConnectNow(Net.java:672) ~[na:na]
	at java.base/sun.nio.ch.NioSocketImpl.timedFinishConnect(NioSocketImpl.java:554) ~[na:na]
	at java.base/sun.nio.ch.NioSocketImpl.connect(NioSocketImpl.java:602) ~[na:na]
	at java.base/java.net.SocksSocketImpl.connect(SocksSocketImpl.java:327) ~[na:na]
	at java.base/java.net.Socket.connect(Socket.java:633) ~[na:na]
	at org.apache.http.conn.ssl.SSLConnectionSocketFactory.connectSocket(SSLConnectionSocketFactory.java:368) ~[httpclient-4.5.14.jar:4.5.14]
	at org.apache.http.impl.conn.DefaultHttpClientConnectionOperator.connect(DefaultHttpClientConnectionOperator.java:142) ~[httpclient-4.5.14.jar:4.5.14]
	... 10 common frames omitted

2026-07-09T10:27:31.773+05:00 ERROR 61792 --- [channelpulse] [gram Connection] o.t.t.u.DefaultBotSession                : Connect to api.telegram.org:443 [api.telegram.org/149.154.166.110] failed: Connection timed out: no further information

org.apache.http.conn.HttpHostConnectException: Connect to api.telegram.org:443 [api.telegram.org/149.154.166.110] failed: Connection timed out: no further information
	at org.apache.http.impl.conn.DefaultHttpClientConnectionOperator.connect(DefaultHttpClientConnectionOperator.java:156) ~[httpclient-4.5.14.jar:4.5.14]
	at org.apache.http.impl.conn.PoolingHttpClientConnectionManager.connect(PoolingHttpClientConnectionManager.java:376) ~[httpclient-4.5.14.jar:4.5.14]
	at org.apache.http.impl.execchain.MainClientExec.establishRoute(MainClientExec.java:393) ~[httpclient-4.5.14.jar:4.5.14]
	at org.apache.http.impl.execchain.MainClientExec.execute(MainClientExec.java:236) ~[httpclient-4.5.14.jar:4.5.14]
	at org.apache.http.impl.execchain.ProtocolExec.execute(ProtocolExec.java:186) ~[httpclient-4.5.14.jar:4.5.14]
	at org.apache.http.impl.execchain.RetryExec.execute(RetryExec.java:89) ~[httpclient-4.5.14.jar:4.5.14]
	at org.apache.http.impl.execchain.RedirectExec.execute(RedirectExec.java:110) ~[httpclient-4.5.14.jar:4.5.14]
	at org.apache.http.impl.client.InternalHttpClient.doExecute(InternalHttpClient.java:185) ~[httpclient-4.5.14.jar:4.5.14]
	at org.apache.http.impl.client.CloseableHttpClient.execute(CloseableHttpClient.java:83) ~[httpclient-4.5.14.jar:4.5.14]
	at org.telegram.telegrambots.updatesreceivers.DefaultBotSession$ReaderThread.getUpdatesFromServer(DefaultBotSession.java:249) ~[telegrambots-6.9.7.1.jar:na]
	at org.telegram.telegrambots.updatesreceivers.DefaultBotSession$ReaderThread.run(DefaultBotSession.java:188) ~[telegrambots-6.9.7.1.jar:na]
Caused by: java.net.ConnectException: Connection timed out: no further information
	at java.base/sun.nio.ch.Net.pollConnect(Native Method) ~[na:na]
	at java.base/sun.nio.ch.Net.pollConnectNow(Net.java:672) ~[na:na]
	at java.base/sun.nio.ch.NioSocketImpl.timedFinishConnect(NioSocketImpl.java:554) ~[na:na]
	at java.base/sun.nio.ch.NioSocketImpl.connect(NioSocketImpl.java:602) ~[na:na]
	at java.base/java.net.SocksSocketImpl.connect(SocksSocketImpl.java:327) ~[na:na]
	at java.base/java.net.Socket.connect(Socket.java:633) ~[na:na]
	at org.apache.http.conn.ssl.SSLConnectionSocketFactory.connectSocket(SSLConnectionSocketFactory.java:368) ~[httpclient-4.5.14.jar:4.5.14]
	at org.apache.http.impl.conn.DefaultHttpClientConnectionOperator.connect(DefaultHttpClientConnectionOperator.java:142) ~[httpclient-4.5.14.jar:4.5.14]
	... 10 common frames omitted

2026-07-09T10:27:53.319+05:00 ERROR 61792 --- [channelpulse] [gram Connection] o.t.t.u.DefaultBotSession                : Connect to api.telegram.org:443 [api.telegram.org/149.154.166.110] failed: Connection timed out: no further information

org.apache.http.conn.HttpHostConnectException: Connect to api.telegram.org:443 [api.telegram.org/149.154.166.110] failed: Connection timed out: no further information
	at org.apache.http.impl.conn.DefaultHttpClientConnectionOperator.connect(DefaultHttpClientConnectionOperator.java:156) ~[httpclient-4.5.14.jar:4.5.14]
	at org.apache.http.impl.conn.PoolingHttpClientConnectionManager.connect(PoolingHttpClientConnectionManager.java:376) ~[httpclient-4.5.14.jar:4.5.14]
	at org.apache.http.impl.execchain.MainClientExec.establishRoute(MainClientExec.java:393) ~[httpclient-4.5.14.jar:4.5.14]
	at org.apache.http.impl.execchain.MainClientExec.execute(MainClientExec.java:236) ~[httpclient-4.5.14.jar:4.5.14]
	at org.apache.http.impl.execchain.ProtocolExec.execute(ProtocolExec.java:186) ~[httpclient-4.5.14.jar:4.5.14]
	at org.apache.http.impl.execchain.RetryExec.execute(RetryExec.java:89) ~[httpclient-4.5.14.jar:4.5.14]
	at org.apache.http.impl.execchain.RedirectExec.execute(RedirectExec.java:110) ~[httpclient-4.5.14.jar:4.5.14]
	at org.apache.http.impl.client.InternalHttpClient.doExecute(InternalHttpClient.java:185) ~[httpclient-4.5.14.jar:4.5.14]
	at org.apache.http.impl.client.CloseableHttpClient.execute(CloseableHttpClient.java:83) ~[httpclient-4.5.14.jar:4.5.14]
	at org.telegram.telegrambots.updatesreceivers.DefaultBotSession$ReaderThread.getUpdatesFromServer(DefaultBotSession.java:249) ~[telegrambots-6.9.7.1.jar:na]
	at org.telegram.telegrambots.updatesreceivers.DefaultBotSession$ReaderThread.run(DefaultBotSession.java:188) ~[telegrambots-6.9.7.1.jar:na]
Caused by: java.net.ConnectException: Connection timed out: no further information
	at java.base/sun.nio.ch.Net.pollConnect(Native Method) ~[na:na]
	at java.base/sun.nio.ch.Net.pollConnectNow(Net.java:672) ~[na:na]
	at java.base/sun.nio.ch.NioSocketImpl.timedFinishConnect(NioSocketImpl.java:554) ~[na:na]
	at java.base/sun.nio.ch.NioSocketImpl.connect(NioSocketImpl.java:602) ~[na:na]
	at java.base/java.net.SocksSocketImpl.connect(SocksSocketImpl.java:327) ~[na:na]
	at java.base/java.net.Socket.connect(Socket.java:633) ~[na:na]
	at org.apache.http.conn.ssl.SSLConnectionSocketFactory.connectSocket(SSLConnectionSocketFactory.java:368) ~[httpclient-4.5.14.jar:4.5.14]
	at org.apache.http.impl.conn.DefaultHttpClientConnectionOperator.connect(DefaultHttpClientConnectionOperator.java:142) ~[httpclient-4.5.14.jar:4.5.14]
	... 10 common frames omitted

2026-07-09T10:28:14.862+05:00 ERROR 61792 --- [channelpulse] [gram Connection] o.t.t.u.DefaultBotSession                : Connect to api.telegram.org:443 [api.telegram.org/149.154.166.110] failed: Connection timed out: no further information

org.apache.http.conn.HttpHostConnectException: Connect to api.telegram.org:443 [api.telegram.org/149.154.166.110] failed: Connection timed out: no further information
	at org.apache.http.impl.conn.DefaultHttpClientConnectionOperator.connect(DefaultHttpClientConnectionOperator.java:156) ~[httpclient-4.5.14.jar:4.5.14]
	at org.apache.http.impl.conn.PoolingHttpClientConnectionManager.connect(PoolingHttpClientConnectionManager.java:376) ~[httpclient-4.5.14.jar:4.5.14]
	at org.apache.http.impl.execchain.MainClientExec.establishRoute(MainClientExec.java:393) ~[httpclient-4.5.14.jar:4.5.14]
	at org.apache.http.impl.execchain.MainClientExec.execute(MainClientExec.java:236) ~[httpclient-4.5.14.jar:4.5.14]
	at org.apache.http.impl.execchain.ProtocolExec.execute(ProtocolExec.java:186) ~[httpclient-4.5.14.jar:4.5.14]
	at org.apache.http.impl.execchain.RetryExec.execute(RetryExec.java:89) ~[httpclient-4.5.14.jar:4.5.14]
	at org.apache.http.impl.execchain.RedirectExec.execute(RedirectExec.java:110) ~[httpclient-4.5.14.jar:4.5.14]
	at org.apache.http.impl.client.InternalHttpClient.doExecute(InternalHttpClient.java:185) ~[httpclient-4.5.14.jar:4.5.14]
	at org.apache.http.impl.client.CloseableHttpClient.execute(CloseableHttpClient.java:83) ~[httpclient-4.5.14.jar:4.5.14]
	at org.telegram.telegrambots.updatesreceivers.DefaultBotSession$ReaderThread.getUpdatesFromServer(DefaultBotSession.java:249) ~[telegrambots-6.9.7.1.jar:na]
	at org.telegram.telegrambots.updatesreceivers.DefaultBotSession$ReaderThread.run(DefaultBotSession.java:188) ~[telegrambots-6.9.7.1.jar:na]
Caused by: java.net.ConnectException: Connection timed out: no further information
	at java.base/sun.nio.ch.Net.pollConnect(Native Method) ~[na:na]
	at java.base/sun.nio.ch.Net.pollConnectNow(Net.java:672) ~[na:na]
	at java.base/sun.nio.ch.NioSocketImpl.timedFinishConnect(NioSocketImpl.java:554) ~[na:na]
	at java.base/sun.nio.ch.NioSocketImpl.connect(NioSocketImpl.java:602) ~[na:na]
	at java.base/java.net.SocksSocketImpl.connect(SocksSocketImpl.java:327) ~[na:na]
	at java.base/java.net.Socket.connect(Socket.java:633) ~[na:na]
	at org.apache.http.conn.ssl.SSLConnectionSocketFactory.connectSocket(SSLConnectionSocketFactory.java:368) ~[httpclient-4.5.14.jar:4.5.14]
	at org.apache.http.impl.conn.DefaultHttpClientConnectionOperator.connect(DefaultHttpClientConnectionOperator.java:142) ~[httpclient-4.5.14.jar:4.5.14]
	... 10 common frames omitted

2026-07-09T10:28:36.415+05:00 ERROR 61792 --- [channelpulse] [gram Connection] o.t.t.u.DefaultBotSession                : Connect to api.telegram.org:443 [api.telegram.org/149.154.166.110] failed: Connection timed out: no further information

org.apache.http.conn.HttpHostConnectException: Connect to api.telegram.org:443 [api.telegram.org/149.154.166.110] failed: Connection timed out: no further information
	at org.apache.http.impl.conn.DefaultHttpClientConnectionOperator.connect(DefaultHttpClientConnectionOperator.java:156) ~[httpclient-4.5.14.jar:4.5.14]
	at org.apache.http.impl.conn.PoolingHttpClientConnectionManager.connect(PoolingHttpClientConnectionManager.java:376) ~[httpclient-4.5.14.jar:4.5.14]
	at org.apache.http.impl.execchain.MainClientExec.establishRoute(MainClientExec.java:393) ~[httpclient-4.5.14.jar:4.5.14]
	at org.apache.http.impl.execchain.MainClientExec.execute(MainClientExec.java:236) ~[httpclient-4.5.14.jar:4.5.14]
	at org.apache.http.impl.execchain.ProtocolExec.execute(ProtocolExec.java:186) ~[httpclient-4.5.14.jar:4.5.14]
	at org.apache.http.impl.execchain.RetryExec.execute(RetryExec.java:89) ~[httpclient-4.5.14.jar:4.5.14]
	at org.apache.http.impl.execchain.RedirectExec.execute(RedirectExec.java:110) ~[httpclient-4.5.14.jar:4.5.14]
	at org.apache.http.impl.client.InternalHttpClient.doExecute(InternalHttpClient.java:185) ~[httpclient-4.5.14.jar:4.5.14]
	at org.apache.http.impl.client.CloseableHttpClient.execute(CloseableHttpClient.java:83) ~[httpclient-4.5.14.jar:4.5.14]
	at org.telegram.telegrambots.updatesreceivers.DefaultBotSession$ReaderThread.getUpdatesFromServer(DefaultBotSession.java:249) ~[telegrambots-6.9.7.1.jar:na]
	at org.telegram.telegrambots.updatesreceivers.DefaultBotSession$ReaderThread.run(DefaultBotSession.java:188) ~[telegrambots-6.9.7.1.jar:na]
Caused by: java.net.ConnectException: Connection timed out: no further information
	at java.base/sun.nio.ch.Net.pollConnect(Native Method) ~[na:na]
	at java.base/sun.nio.ch.Net.pollConnectNow(Net.java:672) ~[na:na]
	at java.base/sun.nio.ch.NioSocketImpl.timedFinishConnect(NioSocketImpl.java:554) ~[na:na]
	at java.base/sun.nio.ch.NioSocketImpl.connect(NioSocketImpl.java:602) ~[na:na]
	at java.base/java.net.SocksSocketImpl.connect(SocksSocketImpl.java:327) ~[na:na]
	at java.base/java.net.Socket.connect(Socket.java:633) ~[na:na]
	at org.apache.http.conn.ssl.SSLConnectionSocketFactory.connectSocket(SSLConnectionSocketFactory.java:368) ~[httpclient-4.5.14.jar:4.5.14]
	at org.apache.http.impl.conn.DefaultHttpClientConnectionOperator.connect(DefaultHttpClientConnectionOperator.java:142) ~[httpclient-4.5.14.jar:4.5.14]
	... 10 common frames omitted

2026-07-09T10:28:57.960+05:00 ERROR 61792 --- [channelpulse] [gram Connection] o.t.t.u.DefaultBotSession                : Connect to api.telegram.org:443 [api.telegram.org/149.154.166.110] failed: Connection timed out: no further information

org.apache.http.conn.HttpHostConnectException: Connect to api.telegram.org:443 [api.telegram.org/149.154.166.110] failed: Connection timed out: no further information
	at org.apache.http.impl.conn.DefaultHttpClientConnectionOperator.connect(DefaultHttpClientConnectionOperator.java:156) ~[httpclient-4.5.14.jar:4.5.14]
	at org.apache.http.impl.conn.PoolingHttpClientConnectionManager.connect(PoolingHttpClientConnectionManager.java:376) ~[httpclient-4.5.14.jar:4.5.14]
	at org.apache.http.impl.execchain.MainClientExec.establishRoute(MainClientExec.java:393) ~[httpclient-4.5.14.jar:4.5.14]
	at org.apache.http.impl.execchain.MainClientExec.execute(MainClientExec.java:236) ~[httpclient-4.5.14.jar:4.5.14]
	at org.apache.http.impl.execchain.ProtocolExec.execute(ProtocolExec.java:186) ~[httpclient-4.5.14.jar:4.5.14]
	at org.apache.http.impl.execchain.RetryExec.execute(RetryExec.java:89) ~[httpclient-4.5.14.jar:4.5.14]
	at org.apache.http.impl.execchain.RedirectExec.execute(RedirectExec.java:110) ~[httpclient-4.5.14.jar:4.5.14]
	at org.apache.http.impl.client.InternalHttpClient.doExecute(InternalHttpClient.java:185) ~[httpclient-4.5.14.jar:4.5.14]
	at org.apache.http.impl.client.CloseableHttpClient.execute(CloseableHttpClient.java:83) ~[httpclient-4.5.14.jar:4.5.14]
	at org.telegram.telegrambots.updatesreceivers.DefaultBotSession$ReaderThread.getUpdatesFromServer(DefaultBotSession.java:249) ~[telegrambots-6.9.7.1.jar:na]
	at org.telegram.telegrambots.updatesreceivers.DefaultBotSession$ReaderThread.run(DefaultBotSession.java:188) ~[telegrambots-6.9.7.1.jar:na]
Caused by: java.net.ConnectException: Connection timed out: no further information
	at java.base/sun.nio.ch.Net.pollConnect(Native Method) ~[na:na]
	at java.base/sun.nio.ch.Net.pollConnectNow(Net.java:672) ~[na:na]
	at java.base/sun.nio.ch.NioSocketImpl.timedFinishConnect(NioSocketImpl.java:554) ~[na:na]
	at java.base/sun.nio.ch.NioSocketImpl.connect(NioSocketImpl.java:602) ~[na:na]
	at java.base/java.net.SocksSocketImpl.connect(SocksSocketImpl.java:327) ~[na:na]
	at java.base/java.net.Socket.connect(Socket.java:633) ~[na:na]
	at org.apache.http.conn.ssl.SSLConnectionSocketFactory.connectSocket(SSLConnectionSocketFactory.java:368) ~[httpclient-4.5.14.jar:4.5.14]
	at org.apache.http.impl.conn.DefaultHttpClientConnectionOperator.connect(DefaultHttpClientConnectionOperator.java:142) ~[httpclient-4.5.14.jar:4.5.14]
	... 10 common frames omitted

2026-07-09T10:29:19.499+05:00 ERROR 61792 --- [channelpulse] [gram Connection] o.t.t.u.DefaultBotSession                : Connect to api.telegram.org:443 [api.telegram.org/149.154.166.110] failed: Connection timed out: no further information

org.apache.http.conn.HttpHostConnectException: Connect to api.telegram.org:443 [api.telegram.org/149.154.166.110] failed: Connection timed out: no further information
	at org.apache.http.impl.conn.DefaultHttpClientConnectionOperator.connect(DefaultHttpClientConnectionOperator.java:156) ~[httpclient-4.5.14.jar:4.5.14]
	at org.apache.http.impl.conn.PoolingHttpClientConnectionManager.connect(PoolingHttpClientConnectionManager.java:376) ~[httpclient-4.5.14.jar:4.5.14]
	at org.apache.http.impl.execchain.MainClientExec.establishRoute(MainClientExec.java:393) ~[httpclient-4.5.14.jar:4.5.14]
	at org.apache.http.impl.execchain.MainClientExec.execute(MainClientExec.java:236) ~[httpclient-4.5.14.jar:4.5.14]
	at org.apache.http.impl.execchain.ProtocolExec.execute(ProtocolExec.java:186) ~[httpclient-4.5.14.jar:4.5.14]
	at org.apache.http.impl.execchain.RetryExec.execute(RetryExec.java:89) ~[httpclient-4.5.14.jar:4.5.14]
	at org.apache.http.impl.execchain.RedirectExec.execute(RedirectExec.java:110) ~[httpclient-4.5.14.jar:4.5.14]
	at org.apache.http.impl.client.InternalHttpClient.doExecute(InternalHttpClient.java:185) ~[httpclient-4.5.14.jar:4.5.14]
	at org.apache.http.impl.client.CloseableHttpClient.execute(CloseableHttpClient.java:83) ~[httpclient-4.5.14.jar:4.5.14]
	at org.telegram.telegrambots.updatesreceivers.DefaultBotSession$ReaderThread.getUpdatesFromServer(DefaultBotSession.java:249) ~[telegrambots-6.9.7.1.jar:na]
	at org.telegram.telegrambots.updatesreceivers.DefaultBotSession$ReaderThread.run(DefaultBotSession.java:188) ~[telegrambots-6.9.7.1.jar:na]
Caused by: java.net.ConnectException: Connection timed out: no further information
	at java.base/sun.nio.ch.Net.pollConnect(Native Method) ~[na:na]
	at java.base/sun.nio.ch.Net.pollConnectNow(Net.java:672) ~[na:na]
	at java.base/sun.nio.ch.NioSocketImpl.timedFinishConnect(NioSocketImpl.java:554) ~[na:na]
	at java.base/sun.nio.ch.NioSocketImpl.connect(NioSocketImpl.java:602) ~[na:na]
	at java.base/java.net.SocksSocketImpl.connect(SocksSocketImpl.java:327) ~[na:na]
	at java.base/java.net.Socket.connect(Socket.java:633) ~[na:na]
	at org.apache.http.conn.ssl.SSLConnectionSocketFactory.connectSocket(SSLConnectionSocketFactory.java:368) ~[httpclient-4.5.14.jar:4.5.14]
	at org.apache.http.impl.conn.DefaultHttpClientConnectionOperator.connect(DefaultHttpClientConnectionOperator.java:142) ~[httpclient-4.5.14.jar:4.5.14]
	... 10 common frames omitted

2026-07-09T10:29:41.047+05:00 ERROR 61792 --- [channelpulse] [gram Connection] o.t.t.u.DefaultBotSession                : Connect to api.telegram.org:443 [api.telegram.org/149.154.166.110] failed: Connection timed out: no further information

org.apache.http.conn.HttpHostConnectException: Connect to api.telegram.org:443 [api.telegram.org/149.154.166.110] failed: Connection timed out: no further information
	at org.apache.http.impl.conn.DefaultHttpClientConnectionOperator.connect(DefaultHttpClientConnectionOperator.java:156) ~[httpclient-4.5.14.jar:4.5.14]
	at org.apache.http.impl.conn.PoolingHttpClientConnectionManager.connect(PoolingHttpClientConnectionManager.java:376) ~[httpclient-4.5.14.jar:4.5.14]
	at org.apache.http.impl.execchain.MainClientExec.establishRoute(MainClientExec.java:393) ~[httpclient-4.5.14.jar:4.5.14]
	at org.apache.http.impl.execchain.MainClientExec.execute(MainClientExec.java:236) ~[httpclient-4.5.14.jar:4.5.14]
	at org.apache.http.impl.execchain.ProtocolExec.execute(ProtocolExec.java:186) ~[httpclient-4.5.14.jar:4.5.14]
	at org.apache.http.impl.execchain.RetryExec.execute(RetryExec.java:89) ~[httpclient-4.5.14.jar:4.5.14]
	at org.apache.http.impl.execchain.RedirectExec.execute(RedirectExec.java:110) ~[httpclient-4.5.14.jar:4.5.14]
	at org.apache.http.impl.client.InternalHttpClient.doExecute(InternalHttpClient.java:185) ~[httpclient-4.5.14.jar:4.5.14]
	at org.apache.http.impl.client.CloseableHttpClient.execute(CloseableHttpClient.java:83) ~[httpclient-4.5.14.jar:4.5.14]
	at org.telegram.telegrambots.updatesreceivers.DefaultBotSession$ReaderThread.getUpdatesFromServer(DefaultBotSession.java:249) ~[telegrambots-6.9.7.1.jar:na]
	at org.telegram.telegrambots.updatesreceivers.DefaultBotSession$ReaderThread.run(DefaultBotSession.java:188) ~[telegrambots-6.9.7.1.jar:na]
Caused by: java.net.ConnectException: Connection timed out: no further information
	at java.base/sun.nio.ch.Net.pollConnect(Native Method) ~[na:na]
	at java.base/sun.nio.ch.Net.pollConnectNow(Net.java:672) ~[na:na]
	at java.base/sun.nio.ch.NioSocketImpl.timedFinishConnect(NioSocketImpl.java:554) ~[na:na]
	at java.base/sun.nio.ch.NioSocketImpl.connect(NioSocketImpl.java:602) ~[na:na]
	at java.base/java.net.SocksSocketImpl.connect(SocksSocketImpl.java:327) ~[na:na]
	at java.base/java.net.Socket.connect(Socket.java:633) ~[na:na]
	at org.apache.http.conn.ssl.SSLConnectionSocketFactory.connectSocket(SSLConnectionSocketFactory.java:368) ~[httpclient-4.5.14.jar:4.5.14]
	at org.apache.http.impl.conn.DefaultHttpClientConnectionOperator.connect(DefaultHttpClientConnectionOperator.java:142) ~[httpclient-4.5.14.jar:4.5.14]
	... 10 common frames omitted

2026-07-09T10:30:02.595+05:00 ERROR 61792 --- [channelpulse] [gram Connection] o.t.t.u.DefaultBotSession                : Connect to api.telegram.org:443 [api.telegram.org/149.154.166.110] failed: Connection timed out: no further information

org.apache.http.conn.HttpHostConnectException: Connect to api.telegram.org:443 [api.telegram.org/149.154.166.110] failed: Connection timed out: no further information
	at org.apache.http.impl.conn.DefaultHttpClientConnectionOperator.connect(DefaultHttpClientConnectionOperator.java:156) ~[httpclient-4.5.14.jar:4.5.14]
	at org.apache.http.impl.conn.PoolingHttpClientConnectionManager.connect(PoolingHttpClientConnectionManager.java:376) ~[httpclient-4.5.14.jar:4.5.14]
	at org.apache.http.impl.execchain.MainClientExec.establishRoute(MainClientExec.java:393) ~[httpclient-4.5.14.jar:4.5.14]
	at org.apache.http.impl.execchain.MainClientExec.execute(MainClientExec.java:236) ~[httpclient-4.5.14.jar:4.5.14]
	at org.apache.http.impl.execchain.ProtocolExec.execute(ProtocolExec.java:186) ~[httpclient-4.5.14.jar:4.5.14]
	at org.apache.http.impl.execchain.RetryExec.execute(RetryExec.java:89) ~[httpclient-4.5.14.jar:4.5.14]
	at org.apache.http.impl.execchain.RedirectExec.execute(RedirectExec.java:110) ~[httpclient-4.5.14.jar:4.5.14]
	at org.apache.http.impl.client.InternalHttpClient.doExecute(InternalHttpClient.java:185) ~[httpclient-4.5.14.jar:4.5.14]
	at org.apache.http.impl.client.CloseableHttpClient.execute(CloseableHttpClient.java:83) ~[httpclient-4.5.14.jar:4.5.14]
	at org.telegram.telegrambots.updatesreceivers.DefaultBotSession$ReaderThread.getUpdatesFromServer(DefaultBotSession.java:249) ~[telegrambots-6.9.7.1.jar:na]
	at org.telegram.telegrambots.updatesreceivers.DefaultBotSession$ReaderThread.run(DefaultBotSession.java:188) ~[telegrambots-6.9.7.1.jar:na]
Caused by: java.net.ConnectException: Connection timed out: no further information
	at java.base/sun.nio.ch.Net.pollConnect(Native Method) ~[na:na]
	at java.base/sun.nio.ch.Net.pollConnectNow(Net.java:672) ~[na:na]
	at java.base/sun.nio.ch.NioSocketImpl.timedFinishConnect(NioSocketImpl.java:554) ~[na:na]
	at java.base/sun.nio.ch.NioSocketImpl.connect(NioSocketImpl.java:602) ~[na:na]
	at java.base/java.net.SocksSocketImpl.connect(SocksSocketImpl.java:327) ~[na:na]
	at java.base/java.net.Socket.connect(Socket.java:633) ~[na:na]
	at org.apache.http.conn.ssl.SSLConnectionSocketFactory.connectSocket(SSLConnectionSocketFactory.java:368) ~[httpclient-4.5.14.jar:4.5.14]
	at org.apache.http.impl.conn.DefaultHttpClientConnectionOperator.connect(DefaultHttpClientConnectionOperator.java:142) ~[httpclient-4.5.14.jar:4.5.14]
	... 10 common frames omitted

2026-07-09T10:30:24.137+05:00 ERROR 61792 --- [channelpulse] [gram Connection] o.t.t.u.DefaultBotSession                : Connect to api.telegram.org:443 [api.telegram.org/149.154.166.110] failed: Connection timed out: no further information

org.apache.http.conn.HttpHostConnectException: Connect to api.telegram.org:443 [api.telegram.org/149.154.166.110] failed: Connection timed out: no further information
	at org.apache.http.impl.conn.DefaultHttpClientConnectionOperator.connect(DefaultHttpClientConnectionOperator.java:156) ~[httpclient-4.5.14.jar:4.5.14]
	at org.apache.http.impl.conn.PoolingHttpClientConnectionManager.connect(PoolingHttpClientConnectionManager.java:376) ~[httpclient-4.5.14.jar:4.5.14]
	at org.apache.http.impl.execchain.MainClientExec.establishRoute(MainClientExec.java:393) ~[httpclient-4.5.14.jar:4.5.14]
	at org.apache.http.impl.execchain.MainClientExec.execute(MainClientExec.java:236) ~[httpclient-4.5.14.jar:4.5.14]
	at org.apache.http.impl.execchain.ProtocolExec.execute(ProtocolExec.java:186) ~[httpclient-4.5.14.jar:4.5.14]
	at org.apache.http.impl.execchain.RetryExec.execute(RetryExec.java:89) ~[httpclient-4.5.14.jar:4.5.14]
	at org.apache.http.impl.execchain.RedirectExec.execute(RedirectExec.java:110) ~[httpclient-4.5.14.jar:4.5.14]
	at org.apache.http.impl.client.InternalHttpClient.doExecute(InternalHttpClient.java:185) ~[httpclient-4.5.14.jar:4.5.14]
	at org.apache.http.impl.client.CloseableHttpClient.execute(CloseableHttpClient.java:83) ~[httpclient-4.5.14.jar:4.5.14]
	at org.telegram.telegrambots.updatesreceivers.DefaultBotSession$ReaderThread.getUpdatesFromServer(DefaultBotSession.java:249) ~[telegrambots-6.9.7.1.jar:na]
	at org.telegram.telegrambots.updatesreceivers.DefaultBotSession$ReaderThread.run(DefaultBotSession.java:188) ~[telegrambots-6.9.7.1.jar:na]
Caused by: java.net.ConnectException: Connection timed out: no further information
	at java.base/sun.nio.ch.Net.pollConnect(Native Method) ~[na:na]
	at java.base/sun.nio.ch.Net.pollConnectNow(Net.java:672) ~[na:na]
	at java.base/sun.nio.ch.NioSocketImpl.timedFinishConnect(NioSocketImpl.java:554) ~[na:na]
	at java.base/sun.nio.ch.NioSocketImpl.connect(NioSocketImpl.java:602) ~[na:na]
	at java.base/java.net.SocksSocketImpl.connect(SocksSocketImpl.java:327) ~[na:na]
	at java.base/java.net.Socket.connect(Socket.java:633) ~[na:na]
	at org.apache.http.conn.ssl.SSLConnectionSocketFactory.connectSocket(SSLConnectionSocketFactory.java:368) ~[httpclient-4.5.14.jar:4.5.14]
	at org.apache.http.impl.conn.DefaultHttpClientConnectionOperator.connect(DefaultHttpClientConnectionOperator.java:142) ~[httpclient-4.5.14.jar:4.5.14]
	... 10 common frames omitted

2026-07-09T10:30:45.701+05:00 ERROR 61792 --- [channelpulse] [gram Connection] o.t.t.u.DefaultBotSession                : Connect to api.telegram.org:443 [api.telegram.org/149.154.166.110] failed: Connection timed out: no further information

org.apache.http.conn.HttpHostConnectException: Connect to api.telegram.org:443 [api.telegram.org/149.154.166.110] failed: Connection timed out: no further information
	at org.apache.http.impl.conn.DefaultHttpClientConnectionOperator.connect(DefaultHttpClientConnectionOperator.java:156) ~[httpclient-4.5.14.jar:4.5.14]
	at org.apache.http.impl.conn.PoolingHttpClientConnectionManager.connect(PoolingHttpClientConnectionManager.java:376) ~[httpclient-4.5.14.jar:4.5.14]
	at org.apache.http.impl.execchain.MainClientExec.establishRoute(MainClientExec.java:393) ~[httpclient-4.5.14.jar:4.5.14]
	at org.apache.http.impl.execchain.MainClientExec.execute(MainClientExec.java:236) ~[httpclient-4.5.14.jar:4.5.14]
	at org.apache.http.impl.execchain.ProtocolExec.execute(ProtocolExec.java:186) ~[httpclient-4.5.14.jar:4.5.14]
	at org.apache.http.impl.execchain.RetryExec.execute(RetryExec.java:89) ~[httpclient-4.5.14.jar:4.5.14]
	at org.apache.http.impl.execchain.RedirectExec.execute(RedirectExec.java:110) ~[httpclient-4.5.14.jar:4.5.14]
	at org.apache.http.impl.client.InternalHttpClient.doExecute(InternalHttpClient.java:185) ~[httpclient-4.5.14.jar:4.5.14]
	at org.apache.http.impl.client.CloseableHttpClient.execute(CloseableHttpClient.java:83) ~[httpclient-4.5.14.jar:4.5.14]
	at org.telegram.telegrambots.updatesreceivers.DefaultBotSession$ReaderThread.getUpdatesFromServer(DefaultBotSession.java:249) ~[telegrambots-6.9.7.1.jar:na]
	at org.telegram.telegrambots.updatesreceivers.DefaultBotSession$ReaderThread.run(DefaultBotSession.java:188) ~[telegrambots-6.9.7.1.jar:na]
Caused by: java.net.ConnectException: Connection timed out: no further information
	at java.base/sun.nio.ch.Net.pollConnect(Native Method) ~[na:na]
	at java.base/sun.nio.ch.Net.pollConnectNow(Net.java:672) ~[na:na]
	at java.base/sun.nio.ch.NioSocketImpl.timedFinishConnect(NioSocketImpl.java:554) ~[na:na]
	at java.base/sun.nio.ch.NioSocketImpl.connect(NioSocketImpl.java:602) ~[na:na]
	at java.base/java.net.SocksSocketImpl.connect(SocksSocketImpl.java:327) ~[na:na]
	at java.base/java.net.Socket.connect(Socket.java:633) ~[na:na]
	at org.apache.http.conn.ssl.SSLConnectionSocketFactory.connectSocket(SSLConnectionSocketFactory.java:368) ~[httpclient-4.5.14.jar:4.5.14]
	at org.apache.http.impl.conn.DefaultHttpClientConnectionOperator.connect(DefaultHttpClientConnectionOperator.java:142) ~[httpclient-4.5.14.jar:4.5.14]
	... 10 common frames omitted

2026-07-09T10:31:07.249+05:00 ERROR 61792 --- [channelpulse] [gram Connection] o.t.t.u.DefaultBotSession                : Connect to api.telegram.org:443 [api.telegram.org/149.154.166.110] failed: Connection timed out: no further information

org.apache.http.conn.HttpHostConnectException: Connect to api.telegram.org:443 [api.telegram.org/149.154.166.110] failed: Connection timed out: no further information
	at org.apache.http.impl.conn.DefaultHttpClientConnectionOperator.connect(DefaultHttpClientConnectionOperator.java:156) ~[httpclient-4.5.14.jar:4.5.14]
	at org.apache.http.impl.conn.PoolingHttpClientConnectionManager.connect(PoolingHttpClientConnectionManager.java:376) ~[httpclient-4.5.14.jar:4.5.14]
	at org.apache.http.impl.execchain.MainClientExec.establishRoute(MainClientExec.java:393) ~[httpclient-4.5.14.jar:4.5.14]
	at org.apache.http.impl.execchain.MainClientExec.execute(MainClientExec.java:236) ~[httpclient-4.5.14.jar:4.5.14]
	at org.apache.http.impl.execchain.ProtocolExec.execute(ProtocolExec.java:186) ~[httpclient-4.5.14.jar:4.5.14]
	at org.apache.http.impl.execchain.RetryExec.execute(RetryExec.java:89) ~[httpclient-4.5.14.jar:4.5.14]
	at org.apache.http.impl.execchain.RedirectExec.execute(RedirectExec.java:110) ~[httpclient-4.5.14.jar:4.5.14]
	at org.apache.http.impl.client.InternalHttpClient.doExecute(InternalHttpClient.java:185) ~[httpclient-4.5.14.jar:4.5.14]
	at org.apache.http.impl.client.CloseableHttpClient.execute(CloseableHttpClient.java:83) ~[httpclient-4.5.14.jar:4.5.14]
	at org.telegram.telegrambots.updatesreceivers.DefaultBotSession$ReaderThread.getUpdatesFromServer(DefaultBotSession.java:249) ~[telegrambots-6.9.7.1.jar:na]
	at org.telegram.telegrambots.updatesreceivers.DefaultBotSession$ReaderThread.run(DefaultBotSession.java:188) ~[telegrambots-6.9.7.1.jar:na]
Caused by: java.net.ConnectException: Connection timed out: no further information
	at java.base/sun.nio.ch.Net.pollConnect(Native Method) ~[na:na]
	at java.base/sun.nio.ch.Net.pollConnectNow(Net.java:672) ~[na:na]
	at java.base/sun.nio.ch.NioSocketImpl.timedFinishConnect(NioSocketImpl.java:554) ~[na:na]
	at java.base/sun.nio.ch.NioSocketImpl.connect(NioSocketImpl.java:602) ~[na:na]
	at java.base/java.net.SocksSocketImpl.connect(SocksSocketImpl.java:327) ~[na:na]
	at java.base/java.net.Socket.connect(Socket.java:633) ~[na:na]
	at org.apache.http.conn.ssl.SSLConnectionSocketFactory.connectSocket(SSLConnectionSocketFactory.java:368) ~[httpclient-4.5.14.jar:4.5.14]
	at org.apache.http.impl.conn.DefaultHttpClientConnectionOperator.connect(DefaultHttpClientConnectionOperator.java:142) ~[httpclient-4.5.14.jar:4.5.14]
	... 10 common frames omitted

2026-07-09T10:31:28.824+05:00 ERROR 61792 --- [channelpulse] [gram Connection] o.t.t.u.DefaultBotSession                : Connect to api.telegram.org:443 [api.telegram.org/149.154.166.110] failed: Connection timed out: no further information

org.apache.http.conn.HttpHostConnectException: Connect to api.telegram.org:443 [api.telegram.org/149.154.166.110] failed: Connection timed out: no further information
	at org.apache.http.impl.conn.DefaultHttpClientConnectionOperator.connect(DefaultHttpClientConnectionOperator.java:156) ~[httpclient-4.5.14.jar:4.5.14]
	at org.apache.http.impl.conn.PoolingHttpClientConnectionManager.connect(PoolingHttpClientConnectionManager.java:376) ~[httpclient-4.5.14.jar:4.5.14]
	at org.apache.http.impl.execchain.MainClientExec.establishRoute(MainClientExec.java:393) ~[httpclient-4.5.14.jar:4.5.14]
	at org.apache.http.impl.execchain.MainClientExec.execute(MainClientExec.java:236) ~[httpclient-4.5.14.jar:4.5.14]
	at org.apache.http.impl.execchain.ProtocolExec.execute(ProtocolExec.java:186) ~[httpclient-4.5.14.jar:4.5.14]
	at org.apache.http.impl.execchain.RetryExec.execute(RetryExec.java:89) ~[httpclient-4.5.14.jar:4.5.14]
	at org.apache.http.impl.execchain.RedirectExec.execute(RedirectExec.java:110) ~[httpclient-4.5.14.jar:4.5.14]
	at org.apache.http.impl.client.InternalHttpClient.doExecute(InternalHttpClient.java:185) ~[httpclient-4.5.14.jar:4.5.14]
	at org.apache.http.impl.client.CloseableHttpClient.execute(CloseableHttpClient.java:83) ~[httpclient-4.5.14.jar:4.5.14]
	at org.telegram.telegrambots.updatesreceivers.DefaultBotSession$ReaderThread.getUpdatesFromServer(DefaultBotSession.java:249) ~[telegrambots-6.9.7.1.jar:na]
	at org.telegram.telegrambots.updatesreceivers.DefaultBotSession$ReaderThread.run(DefaultBotSession.java:188) ~[telegrambots-6.9.7.1.jar:na]
Caused by: java.net.ConnectException: Connection timed out: no further information
	at java.base/sun.nio.ch.Net.pollConnect(Native Method) ~[na:na]
	at java.base/sun.nio.ch.Net.pollConnectNow(Net.java:672) ~[na:na]
	at java.base/sun.nio.ch.NioSocketImpl.timedFinishConnect(NioSocketImpl.java:554) ~[na:na]
	at java.base/sun.nio.ch.NioSocketImpl.connect(NioSocketImpl.java:602) ~[na:na]
	at java.base/java.net.SocksSocketImpl.connect(SocksSocketImpl.java:327) ~[na:na]
	at java.base/java.net.Socket.connect(Socket.java:633) ~[na:na]
	at org.apache.http.conn.ssl.SSLConnectionSocketFactory.connectSocket(SSLConnectionSocketFactory.java:368) ~[httpclient-4.5.14.jar:4.5.14]
	at org.apache.http.impl.conn.DefaultHttpClientConnectionOperator.connect(DefaultHttpClientConnectionOperator.java:142) ~[httpclient-4.5.14.jar:4.5.14]
	... 10 common frames omitted

2026-07-09T10:31:50.400+05:00 ERROR 61792 --- [channelpulse] [gram Connection] o.t.t.u.DefaultBotSession                : Connect to api.telegram.org:443 [api.telegram.org/149.154.166.110] failed: Connection timed out: no further information

org.apache.http.conn.HttpHostConnectException: Connect to api.telegram.org:443 [api.telegram.org/149.154.166.110] failed: Connection timed out: no further information
	at org.apache.http.impl.conn.DefaultHttpClientConnectionOperator.connect(DefaultHttpClientConnectionOperator.java:156) ~[httpclient-4.5.14.jar:4.5.14]
	at org.apache.http.impl.conn.PoolingHttpClientConnectionManager.connect(PoolingHttpClientConnectionManager.java:376) ~[httpclient-4.5.14.jar:4.5.14]
	at org.apache.http.impl.execchain.MainClientExec.establishRoute(MainClientExec.java:393) ~[httpclient-4.5.14.jar:4.5.14]
	at org.apache.http.impl.execchain.MainClientExec.execute(MainClientExec.java:236) ~[httpclient-4.5.14.jar:4.5.14]
	at org.apache.http.impl.execchain.ProtocolExec.execute(ProtocolExec.java:186) ~[httpclient-4.5.14.jar:4.5.14]
	at org.apache.http.impl.execchain.RetryExec.execute(RetryExec.java:89) ~[httpclient-4.5.14.jar:4.5.14]
	at org.apache.http.impl.execchain.RedirectExec.execute(RedirectExec.java:110) ~[httpclient-4.5.14.jar:4.5.14]
	at org.apache.http.impl.client.InternalHttpClient.doExecute(InternalHttpClient.java:185) ~[httpclient-4.5.14.jar:4.5.14]
	at org.apache.http.impl.client.CloseableHttpClient.execute(CloseableHttpClient.java:83) ~[httpclient-4.5.14.jar:4.5.14]
	at org.telegram.telegrambots.updatesreceivers.DefaultBotSession$ReaderThread.getUpdatesFromServer(DefaultBotSession.java:249) ~[telegrambots-6.9.7.1.jar:na]
	at org.telegram.telegrambots.updatesreceivers.DefaultBotSession$ReaderThread.run(DefaultBotSession.java:188) ~[telegrambots-6.9.7.1.jar:na]
Caused by: java.net.ConnectException: Connection timed out: no further information
	at java.base/sun.nio.ch.Net.pollConnect(Native Method) ~[na:na]
	at java.base/sun.nio.ch.Net.pollConnectNow(Net.java:672) ~[na:na]
	at java.base/sun.nio.ch.NioSocketImpl.timedFinishConnect(NioSocketImpl.java:554) ~[na:na]
	at java.base/sun.nio.ch.NioSocketImpl.connect(NioSocketImpl.java:602) ~[na:na]
	at java.base/java.net.SocksSocketImpl.connect(SocksSocketImpl.java:327) ~[na:na]
	at java.base/java.net.Socket.connect(Socket.java:633) ~[na:na]
	at org.apache.http.conn.ssl.SSLConnectionSocketFactory.connectSocket(SSLConnectionSocketFactory.java:368) ~[httpclient-4.5.14.jar:4.5.14]
	at org.apache.http.impl.conn.DefaultHttpClientConnectionOperator.connect(DefaultHttpClientConnectionOperator.java:142) ~[httpclient-4.5.14.jar:4.5.14]
	... 10 common frames omitted

2026-07-09T10:32:11.969+05:00 ERROR 61792 --- [channelpulse] [gram Connection] o.t.t.u.DefaultBotSession                : Connect to api.telegram.org:443 [api.telegram.org/149.154.166.110] failed: Connection timed out: no further information

org.apache.http.conn.HttpHostConnectException: Connect to api.telegram.org:443 [api.telegram.org/149.154.166.110] failed: Connection timed out: no further information
	at org.apache.http.impl.conn.DefaultHttpClientConnectionOperator.connect(DefaultHttpClientConnectionOperator.java:156) ~[httpclient-4.5.14.jar:4.5.14]
	at org.apache.http.impl.conn.PoolingHttpClientConnectionManager.connect(PoolingHttpClientConnectionManager.java:376) ~[httpclient-4.5.14.jar:4.5.14]
	at org.apache.http.impl.execchain.MainClientExec.establishRoute(MainClientExec.java:393) ~[httpclient-4.5.14.jar:4.5.14]
	at org.apache.http.impl.execchain.MainClientExec.execute(MainClientExec.java:236) ~[httpclient-4.5.14.jar:4.5.14]
	at org.apache.http.impl.execchain.ProtocolExec.execute(ProtocolExec.java:186) ~[httpclient-4.5.14.jar:4.5.14]
	at org.apache.http.impl.execchain.RetryExec.execute(RetryExec.java:89) ~[httpclient-4.5.14.jar:4.5.14]
	at org.apache.http.impl.execchain.RedirectExec.execute(RedirectExec.java:110) ~[httpclient-4.5.14.jar:4.5.14]
	at org.apache.http.impl.client.InternalHttpClient.doExecute(InternalHttpClient.java:185) ~[httpclient-4.5.14.jar:4.5.14]
	at org.apache.http.impl.client.CloseableHttpClient.execute(CloseableHttpClient.java:83) ~[httpclient-4.5.14.jar:4.5.14]
	at org.telegram.telegrambots.updatesreceivers.DefaultBotSession$ReaderThread.getUpdatesFromServer(DefaultBotSession.java:249) ~[telegrambots-6.9.7.1.jar:na]
	at org.telegram.telegrambots.updatesreceivers.DefaultBotSession$ReaderThread.run(DefaultBotSession.java:188) ~[telegrambots-6.9.7.1.jar:na]
Caused by: java.net.ConnectException: Connection timed out: no further information
	at java.base/sun.nio.ch.Net.pollConnect(Native Method) ~[na:na]
	at java.base/sun.nio.ch.Net.pollConnectNow(Net.java:672) ~[na:na]
	at java.base/sun.nio.ch.NioSocketImpl.timedFinishConnect(NioSocketImpl.java:554) ~[na:na]
	at java.base/sun.nio.ch.NioSocketImpl.connect(NioSocketImpl.java:602) ~[na:na]
	at java.base/java.net.SocksSocketImpl.connect(SocksSocketImpl.java:327) ~[na:na]
	at java.base/java.net.Socket.connect(Socket.java:633) ~[na:na]
	at org.apache.http.conn.ssl.SSLConnectionSocketFactory.connectSocket(SSLConnectionSocketFactory.java:368) ~[httpclient-4.5.14.jar:4.5.14]
	at org.apache.http.impl.conn.DefaultHttpClientConnectionOperator.connect(DefaultHttpClientConnectionOperator.java:142) ~[httpclient-4.5.14.jar:4.5.14]
	... 10 common frames omitted

2026-07-09T10:32:33.534+05:00 ERROR 61792 --- [channelpulse] [gram Connection] o.t.t.u.DefaultBotSession                : Connect to api.telegram.org:443 [api.telegram.org/149.154.166.110] failed: Connection timed out: no further information

org.apache.http.conn.HttpHostConnectException: Connect to api.telegram.org:443 [api.telegram.org/149.154.166.110] failed: Connection timed out: no further information
	at org.apache.http.impl.conn.DefaultHttpClientConnectionOperator.connect(DefaultHttpClientConnectionOperator.java:156) ~[httpclient-4.5.14.jar:4.5.14]
	at org.apache.http.impl.conn.PoolingHttpClientConnectionManager.connect(PoolingHttpClientConnectionManager.java:376) ~[httpclient-4.5.14.jar:4.5.14]
	at org.apache.http.impl.execchain.MainClientExec.establishRoute(MainClientExec.java:393) ~[httpclient-4.5.14.jar:4.5.14]
	at org.apache.http.impl.execchain.MainClientExec.execute(MainClientExec.java:236) ~[httpclient-4.5.14.jar:4.5.14]
	at org.apache.http.impl.execchain.ProtocolExec.execute(ProtocolExec.java:186) ~[httpclient-4.5.14.jar:4.5.14]
	at org.apache.http.impl.execchain.RetryExec.execute(RetryExec.java:89) ~[httpclient-4.5.14.jar:4.5.14]
	at org.apache.http.impl.execchain.RedirectExec.execute(RedirectExec.java:110) ~[httpclient-4.5.14.jar:4.5.14]
	at org.apache.http.impl.client.InternalHttpClient.doExecute(InternalHttpClient.java:185) ~[httpclient-4.5.14.jar:4.5.14]
	at org.apache.http.impl.client.CloseableHttpClient.execute(CloseableHttpClient.java:83) ~[httpclient-4.5.14.jar:4.5.14]
	at org.telegram.telegrambots.updatesreceivers.DefaultBotSession$ReaderThread.getUpdatesFromServer(DefaultBotSession.java:249) ~[telegrambots-6.9.7.1.jar:na]
	at org.telegram.telegrambots.updatesreceivers.DefaultBotSession$ReaderThread.run(DefaultBotSession.java:188) ~[telegrambots-6.9.7.1.jar:na]
Caused by: java.net.ConnectException: Connection timed out: no further information
	at java.base/sun.nio.ch.Net.pollConnect(Native Method) ~[na:na]
	at java.base/sun.nio.ch.Net.pollConnectNow(Net.java:672) ~[na:na]
	at java.base/sun.nio.ch.NioSocketImpl.timedFinishConnect(NioSocketImpl.java:554) ~[na:na]
	at java.base/sun.nio.ch.NioSocketImpl.connect(NioSocketImpl.java:602) ~[na:na]
	at java.base/java.net.SocksSocketImpl.connect(SocksSocketImpl.java:327) ~[na:na]
	at java.base/java.net.Socket.connect(Socket.java:633) ~[na:na]
	at org.apache.http.conn.ssl.SSLConnectionSocketFactory.connectSocket(SSLConnectionSocketFactory.java:368) ~[httpclient-4.5.14.jar:4.5.14]
	at org.apache.http.impl.conn.DefaultHttpClientConnectionOperator.connect(DefaultHttpClientConnectionOperator.java:142) ~[httpclient-4.5.14.jar:4.5.14]
	... 10 common frames omitted

2026-07-09T10:32:55.092+05:00 ERROR 61792 --- [channelpulse] [gram Connection] o.t.t.u.DefaultBotSession                : Connect to api.telegram.org:443 [api.telegram.org/149.154.166.110] failed: Connection timed out: no further information

org.apache.http.conn.HttpHostConnectException: Connect to api.telegram.org:443 [api.telegram.org/149.154.166.110] failed: Connection timed out: no further information
	at org.apache.http.impl.conn.DefaultHttpClientConnectionOperator.connect(DefaultHttpClientConnectionOperator.java:156) ~[httpclient-4.5.14.jar:4.5.14]
	at org.apache.http.impl.conn.PoolingHttpClientConnectionManager.connect(PoolingHttpClientConnectionManager.java:376) ~[httpclient-4.5.14.jar:4.5.14]
	at org.apache.http.impl.execchain.MainClientExec.establishRoute(MainClientExec.java:393) ~[httpclient-4.5.14.jar:4.5.14]
	at org.apache.http.impl.execchain.MainClientExec.execute(MainClientExec.java:236) ~[httpclient-4.5.14.jar:4.5.14]
	at org.apache.http.impl.execchain.ProtocolExec.execute(ProtocolExec.java:186) ~[httpclient-4.5.14.jar:4.5.14]
	at org.apache.http.impl.execchain.RetryExec.execute(RetryExec.java:89) ~[httpclient-4.5.14.jar:4.5.14]
	at org.apache.http.impl.execchain.RedirectExec.execute(RedirectExec.java:110) ~[httpclient-4.5.14.jar:4.5.14]
	at org.apache.http.impl.client.InternalHttpClient.doExecute(InternalHttpClient.java:185) ~[httpclient-4.5.14.jar:4.5.14]
	at org.apache.http.impl.client.CloseableHttpClient.execute(CloseableHttpClient.java:83) ~[httpclient-4.5.14.jar:4.5.14]
	at org.telegram.telegrambots.updatesreceivers.DefaultBotSession$ReaderThread.getUpdatesFromServer(DefaultBotSession.java:249) ~[telegrambots-6.9.7.1.jar:na]
	at org.telegram.telegrambots.updatesreceivers.DefaultBotSession$ReaderThread.run(DefaultBotSession.java:188) ~[telegrambots-6.9.7.1.jar:na]
Caused by: java.net.ConnectException: Connection timed out: no further information
	at java.base/sun.nio.ch.Net.pollConnect(Native Method) ~[na:na]
	at java.base/sun.nio.ch.Net.pollConnectNow(Net.java:672) ~[na:na]
	at java.base/sun.nio.ch.NioSocketImpl.timedFinishConnect(NioSocketImpl.java:554) ~[na:na]
	at java.base/sun.nio.ch.NioSocketImpl.connect(NioSocketImpl.java:602) ~[na:na]
	at java.base/java.net.SocksSocketImpl.connect(SocksSocketImpl.java:327) ~[na:na]
	at java.base/java.net.Socket.connect(Socket.java:633) ~[na:na]
	at org.apache.http.conn.ssl.SSLConnectionSocketFactory.connectSocket(SSLConnectionSocketFactory.java:368) ~[httpclient-4.5.14.jar:4.5.14]
	at org.apache.http.impl.conn.DefaultHttpClientConnectionOperator.connect(DefaultHttpClientConnectionOperator.java:142) ~[httpclient-4.5.14.jar:4.5.14]
	... 10 common frames omitted

2026-07-09T10:33:16.649+05:00 ERROR 61792 --- [channelpulse] [gram Connection] o.t.t.u.DefaultBotSession                : Connect to api.telegram.org:443 [api.telegram.org/149.154.166.110] failed: Connection timed out: no further information

org.apache.http.conn.HttpHostConnectException: Connect to api.telegram.org:443 [api.telegram.org/149.154.166.110] failed: Connection timed out: no further information
	at org.apache.http.impl.conn.DefaultHttpClientConnectionOperator.connect(DefaultHttpClientConnectionOperator.java:156) ~[httpclient-4.5.14.jar:4.5.14]
	at org.apache.http.impl.conn.PoolingHttpClientConnectionManager.connect(PoolingHttpClientConnectionManager.java:376) ~[httpclient-4.5.14.jar:4.5.14]
	at org.apache.http.impl.execchain.MainClientExec.establishRoute(MainClientExec.java:393) ~[httpclient-4.5.14.jar:4.5.14]
	at org.apache.http.impl.execchain.MainClientExec.execute(MainClientExec.java:236) ~[httpclient-4.5.14.jar:4.5.14]
	at org.apache.http.impl.execchain.ProtocolExec.execute(ProtocolExec.java:186) ~[httpclient-4.5.14.jar:4.5.14]
	at org.apache.http.impl.execchain.RetryExec.execute(RetryExec.java:89) ~[httpclient-4.5.14.jar:4.5.14]
	at org.apache.http.impl.execchain.RedirectExec.execute(RedirectExec.java:110) ~[httpclient-4.5.14.jar:4.5.14]
	at org.apache.http.impl.client.InternalHttpClient.doExecute(InternalHttpClient.java:185) ~[httpclient-4.5.14.jar:4.5.14]
	at org.apache.http.impl.client.CloseableHttpClient.execute(CloseableHttpClient.java:83) ~[httpclient-4.5.14.jar:4.5.14]
	at org.telegram.telegrambots.updatesreceivers.DefaultBotSession$ReaderThread.getUpdatesFromServer(DefaultBotSession.java:249) ~[telegrambots-6.9.7.1.jar:na]
	at org.telegram.telegrambots.updatesreceivers.DefaultBotSession$ReaderThread.run(DefaultBotSession.java:188) ~[telegrambots-6.9.7.1.jar:na]
Caused by: java.net.ConnectException: Connection timed out: no further information
	at java.base/sun.nio.ch.Net.pollConnect(Native Method) ~[na:na]
	at java.base/sun.nio.ch.Net.pollConnectNow(Net.java:672) ~[na:na]
	at java.base/sun.nio.ch.NioSocketImpl.timedFinishConnect(NioSocketImpl.java:554) ~[na:na]
	at java.base/sun.nio.ch.NioSocketImpl.connect(NioSocketImpl.java:602) ~[na:na]
	at java.base/java.net.SocksSocketImpl.connect(SocksSocketImpl.java:327) ~[na:na]
	at java.base/java.net.Socket.connect(Socket.java:633) ~[na:na]
	at org.apache.http.conn.ssl.SSLConnectionSocketFactory.connectSocket(SSLConnectionSocketFactory.java:368) ~[httpclient-4.5.14.jar:4.5.14]
	at org.apache.http.impl.conn.DefaultHttpClientConnectionOperator.connect(DefaultHttpClientConnectionOperator.java:142) ~[httpclient-4.5.14.jar:4.5.14]
	... 10 common frames omitted

2026-07-09T10:33:38.192+05:00 ERROR 61792 --- [channelpulse] [gram Connection] o.t.t.u.DefaultBotSession                : Connect to api.telegram.org:443 [api.telegram.org/149.154.166.110] failed: Connection timed out: no further information

org.apache.http.conn.HttpHostConnectException: Connect to api.telegram.org:443 [api.telegram.org/149.154.166.110] failed: Connection timed out: no further information
	at org.apache.http.impl.conn.DefaultHttpClientConnectionOperator.connect(DefaultHttpClientConnectionOperator.java:156) ~[httpclient-4.5.14.jar:4.5.14]
	at org.apache.http.impl.conn.PoolingHttpClientConnectionManager.connect(PoolingHttpClientConnectionManager.java:376) ~[httpclient-4.5.14.jar:4.5.14]
	at org.apache.http.impl.execchain.MainClientExec.establishRoute(MainClientExec.java:393) ~[httpclient-4.5.14.jar:4.5.14]
	at org.apache.http.impl.execchain.MainClientExec.execute(MainClientExec.java:236) ~[httpclient-4.5.14.jar:4.5.14]
	at org.apache.http.impl.execchain.ProtocolExec.execute(ProtocolExec.java:186) ~[httpclient-4.5.14.jar:4.5.14]
	at org.apache.http.impl.execchain.RetryExec.execute(RetryExec.java:89) ~[httpclient-4.5.14.jar:4.5.14]
	at org.apache.http.impl.execchain.RedirectExec.execute(RedirectExec.java:110) ~[httpclient-4.5.14.jar:4.5.14]
	at org.apache.http.impl.client.InternalHttpClient.doExecute(InternalHttpClient.java:185) ~[httpclient-4.5.14.jar:4.5.14]
	at org.apache.http.impl.client.CloseableHttpClient.execute(CloseableHttpClient.java:83) ~[httpclient-4.5.14.jar:4.5.14]
	at org.telegram.telegrambots.updatesreceivers.DefaultBotSession$ReaderThread.getUpdatesFromServer(DefaultBotSession.java:249) ~[telegrambots-6.9.7.1.jar:na]
	at org.telegram.telegrambots.updatesreceivers.DefaultBotSession$ReaderThread.run(DefaultBotSession.java:188) ~[telegrambots-6.9.7.1.jar:na]
Caused by: java.net.ConnectException: Connection timed out: no further information
	at java.base/sun.nio.ch.Net.pollConnect(Native Method) ~[na:na]
	at java.base/sun.nio.ch.Net.pollConnectNow(Net.java:672) ~[na:na]
	at java.base/sun.nio.ch.NioSocketImpl.timedFinishConnect(NioSocketImpl.java:554) ~[na:na]
	at java.base/sun.nio.ch.NioSocketImpl.connect(NioSocketImpl.java:602) ~[na:na]
	at java.base/java.net.SocksSocketImpl.connect(SocksSocketImpl.java:327) ~[na:na]
	at java.base/java.net.Socket.connect(Socket.java:633) ~[na:na]
	at org.apache.http.conn.ssl.SSLConnectionSocketFactory.connectSocket(SSLConnectionSocketFactory.java:368) ~[httpclient-4.5.14.jar:4.5.14]
	at org.apache.http.impl.conn.DefaultHttpClientConnectionOperator.connect(DefaultHttpClientConnectionOperator.java:142) ~[httpclient-4.5.14.jar:4.5.14]
	... 10 common frames omitted

2026-07-09T10:33:59.762+05:00 ERROR 61792 --- [channelpulse] [gram Connection] o.t.t.u.DefaultBotSession                : Connect to api.telegram.org:443 [api.telegram.org/149.154.166.110] failed: Connection timed out: no further information

org.apache.http.conn.HttpHostConnectException: Connect to api.telegram.org:443 [api.telegram.org/149.154.166.110] failed: Connection timed out: no further information
	at org.apache.http.impl.conn.DefaultHttpClientConnectionOperator.connect(DefaultHttpClientConnectionOperator.java:156) ~[httpclient-4.5.14.jar:4.5.14]
	at org.apache.http.impl.conn.PoolingHttpClientConnectionManager.connect(PoolingHttpClientConnectionManager.java:376) ~[httpclient-4.5.14.jar:4.5.14]
	at org.apache.http.impl.execchain.MainClientExec.establishRoute(MainClientExec.java:393) ~[httpclient-4.5.14.jar:4.5.14]
	at org.apache.http.impl.execchain.MainClientExec.execute(MainClientExec.java:236) ~[httpclient-4.5.14.jar:4.5.14]
	at org.apache.http.impl.execchain.ProtocolExec.execute(ProtocolExec.java:186) ~[httpclient-4.5.14.jar:4.5.14]
	at org.apache.http.impl.execchain.RetryExec.execute(RetryExec.java:89) ~[httpclient-4.5.14.jar:4.5.14]
	at org.apache.http.impl.execchain.RedirectExec.execute(RedirectExec.java:110) ~[httpclient-4.5.14.jar:4.5.14]
	at org.apache.http.impl.client.InternalHttpClient.doExecute(InternalHttpClient.java:185) ~[httpclient-4.5.14.jar:4.5.14]
	at org.apache.http.impl.client.CloseableHttpClient.execute(CloseableHttpClient.java:83) ~[httpclient-4.5.14.jar:4.5.14]
	at org.telegram.telegrambots.updatesreceivers.DefaultBotSession$ReaderThread.getUpdatesFromServer(DefaultBotSession.java:249) ~[telegrambots-6.9.7.1.jar:na]
	at org.telegram.telegrambots.updatesreceivers.DefaultBotSession$ReaderThread.run(DefaultBotSession.java:188) ~[telegrambots-6.9.7.1.jar:na]
Caused by: java.net.ConnectException: Connection timed out: no further information
	at java.base/sun.nio.ch.Net.pollConnect(Native Method) ~[na:na]
	at java.base/sun.nio.ch.Net.pollConnectNow(Net.java:672) ~[na:na]
	at java.base/sun.nio.ch.NioSocketImpl.timedFinishConnect(NioSocketImpl.java:554) ~[na:na]
	at java.base/sun.nio.ch.NioSocketImpl.connect(NioSocketImpl.java:602) ~[na:na]
	at java.base/java.net.SocksSocketImpl.connect(SocksSocketImpl.java:327) ~[na:na]
	at java.base/java.net.Socket.connect(Socket.java:633) ~[na:na]
	at org.apache.http.conn.ssl.SSLConnectionSocketFactory.connectSocket(SSLConnectionSocketFactory.java:368) ~[httpclient-4.5.14.jar:4.5.14]
	at org.apache.http.impl.conn.DefaultHttpClientConnectionOperator.connect(DefaultHttpClientConnectionOperator.java:142) ~[httpclient-4.5.14.jar:4.5.14]
	... 10 common frames omitted

2026-07-09T10:34:21.321+05:00 ERROR 61792 --- [channelpulse] [gram Connection] o.t.t.u.DefaultBotSession                : Connect to api.telegram.org:443 [api.telegram.org/149.154.166.110] failed: Connection timed out: no further information

org.apache.http.conn.HttpHostConnectException: Connect to api.telegram.org:443 [api.telegram.org/149.154.166.110] failed: Connection timed out: no further information
	at org.apache.http.impl.conn.DefaultHttpClientConnectionOperator.connect(DefaultHttpClientConnectionOperator.java:156) ~[httpclient-4.5.14.jar:4.5.14]
	at org.apache.http.impl.conn.PoolingHttpClientConnectionManager.connect(PoolingHttpClientConnectionManager.java:376) ~[httpclient-4.5.14.jar:4.5.14]
	at org.apache.http.impl.execchain.MainClientExec.establishRoute(MainClientExec.java:393) ~[httpclient-4.5.14.jar:4.5.14]
	at org.apache.http.impl.execchain.MainClientExec.execute(MainClientExec.java:236) ~[httpclient-4.5.14.jar:4.5.14]
	at org.apache.http.impl.execchain.ProtocolExec.execute(ProtocolExec.java:186) ~[httpclient-4.5.14.jar:4.5.14]
	at org.apache.http.impl.execchain.RetryExec.execute(RetryExec.java:89) ~[httpclient-4.5.14.jar:4.5.14]
	at org.apache.http.impl.execchain.RedirectExec.execute(RedirectExec.java:110) ~[httpclient-4.5.14.jar:4.5.14]
	at org.apache.http.impl.client.InternalHttpClient.doExecute(InternalHttpClient.java:185) ~[httpclient-4.5.14.jar:4.5.14]
	at org.apache.http.impl.client.CloseableHttpClient.execute(CloseableHttpClient.java:83) ~[httpclient-4.5.14.jar:4.5.14]
	at org.telegram.telegrambots.updatesreceivers.DefaultBotSession$ReaderThread.getUpdatesFromServer(DefaultBotSession.java:249) ~[telegrambots-6.9.7.1.jar:na]
	at org.telegram.telegrambots.updatesreceivers.DefaultBotSession$ReaderThread.run(DefaultBotSession.java:188) ~[telegrambots-6.9.7.1.jar:na]
Caused by: java.net.ConnectException: Connection timed out: no further information
	at java.base/sun.nio.ch.Net.pollConnect(Native Method) ~[na:na]
	at java.base/sun.nio.ch.Net.pollConnectNow(Net.java:672) ~[na:na]
	at java.base/sun.nio.ch.NioSocketImpl.timedFinishConnect(NioSocketImpl.java:554) ~[na:na]
	at java.base/sun.nio.ch.NioSocketImpl.connect(NioSocketImpl.java:602) ~[na:na]
	at java.base/java.net.SocksSocketImpl.connect(SocksSocketImpl.java:327) ~[na:na]
	at java.base/java.net.Socket.connect(Socket.java:633) ~[na:na]
	at org.apache.http.conn.ssl.SSLConnectionSocketFactory.connectSocket(SSLConnectionSocketFactory.java:368) ~[httpclient-4.5.14.jar:4.5.14]
	at org.apache.http.impl.conn.DefaultHttpClientConnectionOperator.connect(DefaultHttpClientConnectionOperator.java:142) ~[httpclient-4.5.14.jar:4.5.14]
	... 10 common frames omitted

2026-07-09T10:34:42.853+05:00 ERROR 61792 --- [channelpulse] [gram Connection] o.t.t.u.DefaultBotSession                : Connect to api.telegram.org:443 [api.telegram.org/149.154.166.110] failed: Connection timed out: no further information

org.apache.http.conn.HttpHostConnectException: Connect to api.telegram.org:443 [api.telegram.org/149.154.166.110] failed: Connection timed out: no further information
	at org.apache.http.impl.conn.DefaultHttpClientConnectionOperator.connect(DefaultHttpClientConnectionOperator.java:156) ~[httpclient-4.5.14.jar:4.5.14]
	at org.apache.http.impl.conn.PoolingHttpClientConnectionManager.connect(PoolingHttpClientConnectionManager.java:376) ~[httpclient-4.5.14.jar:4.5.14]
	at org.apache.http.impl.execchain.MainClientExec.establishRoute(MainClientExec.java:393) ~[httpclient-4.5.14.jar:4.5.14]
	at org.apache.http.impl.execchain.MainClientExec.execute(MainClientExec.java:236) ~[httpclient-4.5.14.jar:4.5.14]
	at org.apache.http.impl.execchain.ProtocolExec.execute(ProtocolExec.java:186) ~[httpclient-4.5.14.jar:4.5.14]
	at org.apache.http.impl.execchain.RetryExec.execute(RetryExec.java:89) ~[httpclient-4.5.14.jar:4.5.14]
	at org.apache.http.impl.execchain.RedirectExec.execute(RedirectExec.java:110) ~[httpclient-4.5.14.jar:4.5.14]
	at org.apache.http.impl.client.InternalHttpClient.doExecute(InternalHttpClient.java:185) ~[httpclient-4.5.14.jar:4.5.14]
	at org.apache.http.impl.client.CloseableHttpClient.execute(CloseableHttpClient.java:83) ~[httpclient-4.5.14.jar:4.5.14]
	at org.telegram.telegrambots.updatesreceivers.DefaultBotSession$ReaderThread.getUpdatesFromServer(DefaultBotSession.java:249) ~[telegrambots-6.9.7.1.jar:na]
	at org.telegram.telegrambots.updatesreceivers.DefaultBotSession$ReaderThread.run(DefaultBotSession.java:188) ~[telegrambots-6.9.7.1.jar:na]
Caused by: java.net.ConnectException: Connection timed out: no further information
	at java.base/sun.nio.ch.Net.pollConnect(Native Method) ~[na:na]
	at java.base/sun.nio.ch.Net.pollConnectNow(Net.java:672) ~[na:na]
	at java.base/sun.nio.ch.NioSocketImpl.timedFinishConnect(NioSocketImpl.java:554) ~[na:na]
	at java.base/sun.nio.ch.NioSocketImpl.connect(NioSocketImpl.java:602) ~[na:na]
	at java.base/java.net.SocksSocketImpl.connect(SocksSocketImpl.java:327) ~[na:na]
	at java.base/java.net.Socket.connect(Socket.java:633) ~[na:na]
	at org.apache.http.conn.ssl.SSLConnectionSocketFactory.connectSocket(SSLConnectionSocketFactory.java:368) ~[httpclient-4.5.14.jar:4.5.14]
	at org.apache.http.impl.conn.DefaultHttpClientConnectionOperator.connect(DefaultHttpClientConnectionOperator.java:142) ~[httpclient-4.5.14.jar:4.5.14]
	... 10 common frames omitted

2026-07-09T10:35:04.407+05:00 ERROR 61792 --- [channelpulse] [gram Connection] o.t.t.u.DefaultBotSession                : Connect to api.telegram.org:443 [api.telegram.org/149.154.166.110] failed: Connection timed out: no further information

org.apache.http.conn.HttpHostConnectException: Connect to api.telegram.org:443 [api.telegram.org/149.154.166.110] failed: Connection timed out: no further information
	at org.apache.http.impl.conn.DefaultHttpClientConnectionOperator.connect(DefaultHttpClientConnectionOperator.java:156) ~[httpclient-4.5.14.jar:4.5.14]
	at org.apache.http.impl.conn.PoolingHttpClientConnectionManager.connect(PoolingHttpClientConnectionManager.java:376) ~[httpclient-4.5.14.jar:4.5.14]
	at org.apache.http.impl.execchain.MainClientExec.establishRoute(MainClientExec.java:393) ~[httpclient-4.5.14.jar:4.5.14]
	at org.apache.http.impl.execchain.MainClientExec.execute(MainClientExec.java:236) ~[httpclient-4.5.14.jar:4.5.14]
	at org.apache.http.impl.execchain.ProtocolExec.execute(ProtocolExec.java:186) ~[httpclient-4.5.14.jar:4.5.14]
	at org.apache.http.impl.execchain.RetryExec.execute(RetryExec.java:89) ~[httpclient-4.5.14.jar:4.5.14]
	at org.apache.http.impl.execchain.RedirectExec.execute(RedirectExec.java:110) ~[httpclient-4.5.14.jar:4.5.14]
	at org.apache.http.impl.client.InternalHttpClient.doExecute(InternalHttpClient.java:185) ~[httpclient-4.5.14.jar:4.5.14]
	at org.apache.http.impl.client.CloseableHttpClient.execute(CloseableHttpClient.java:83) ~[httpclient-4.5.14.jar:4.5.14]
	at org.telegram.telegrambots.updatesreceivers.DefaultBotSession$ReaderThread.getUpdatesFromServer(DefaultBotSession.java:249) ~[telegrambots-6.9.7.1.jar:na]
	at org.telegram.telegrambots.updatesreceivers.DefaultBotSession$ReaderThread.run(DefaultBotSession.java:188) ~[telegrambots-6.9.7.1.jar:na]
Caused by: java.net.ConnectException: Connection timed out: no further information
	at java.base/sun.nio.ch.Net.pollConnect(Native Method) ~[na:na]
	at java.base/sun.nio.ch.Net.pollConnectNow(Net.java:672) ~[na:na]
	at java.base/sun.nio.ch.NioSocketImpl.timedFinishConnect(NioSocketImpl.java:554) ~[na:na]
	at java.base/sun.nio.ch.NioSocketImpl.connect(NioSocketImpl.java:602) ~[na:na]
	at java.base/java.net.SocksSocketImpl.connect(SocksSocketImpl.java:327) ~[na:na]
	at java.base/java.net.Socket.connect(Socket.java:633) ~[na:na]
	at org.apache.http.conn.ssl.SSLConnectionSocketFactory.connectSocket(SSLConnectionSocketFactory.java:368) ~[httpclient-4.5.14.jar:4.5.14]
	at org.apache.http.impl.conn.DefaultHttpClientConnectionOperator.connect(DefaultHttpClientConnectionOperator.java:142) ~[httpclient-4.5.14.jar:4.5.14]
	... 10 common frames omitted

2026-07-09T10:35:25.972+05:00 ERROR 61792 --- [channelpulse] [gram Connection] o.t.t.u.DefaultBotSession                : Connect to api.telegram.org:443 [api.telegram.org/149.154.166.110] failed: Connection timed out: no further information

org.apache.http.conn.HttpHostConnectException: Connect to api.telegram.org:443 [api.telegram.org/149.154.166.110] failed: Connection timed out: no further information
	at org.apache.http.impl.conn.DefaultHttpClientConnectionOperator.connect(DefaultHttpClientConnectionOperator.java:156) ~[httpclient-4.5.14.jar:4.5.14]
	at org.apache.http.impl.conn.PoolingHttpClientConnectionManager.connect(PoolingHttpClientConnectionManager.java:376) ~[httpclient-4.5.14.jar:4.5.14]
	at org.apache.http.impl.execchain.MainClientExec.establishRoute(MainClientExec.java:393) ~[httpclient-4.5.14.jar:4.5.14]
	at org.apache.http.impl.execchain.MainClientExec.execute(MainClientExec.java:236) ~[httpclient-4.5.14.jar:4.5.14]
	at org.apache.http.impl.execchain.ProtocolExec.execute(ProtocolExec.java:186) ~[httpclient-4.5.14.jar:4.5.14]
	at org.apache.http.impl.execchain.RetryExec.execute(RetryExec.java:89) ~[httpclient-4.5.14.jar:4.5.14]
	at org.apache.http.impl.execchain.RedirectExec.execute(RedirectExec.java:110) ~[httpclient-4.5.14.jar:4.5.14]
	at org.apache.http.impl.client.InternalHttpClient.doExecute(InternalHttpClient.java:185) ~[httpclient-4.5.14.jar:4.5.14]
	at org.apache.http.impl.client.CloseableHttpClient.execute(CloseableHttpClient.java:83) ~[httpclient-4.5.14.jar:4.5.14]
	at org.telegram.telegrambots.updatesreceivers.DefaultBotSession$ReaderThread.getUpdatesFromServer(DefaultBotSession.java:249) ~[telegrambots-6.9.7.1.jar:na]
	at org.telegram.telegrambots.updatesreceivers.DefaultBotSession$ReaderThread.run(DefaultBotSession.java:188) ~[telegrambots-6.9.7.1.jar:na]
Caused by: java.net.ConnectException: Connection timed out: no further information
	at java.base/sun.nio.ch.Net.pollConnect(Native Method) ~[na:na]
	at java.base/sun.nio.ch.Net.pollConnectNow(Net.java:672) ~[na:na]
	at java.base/sun.nio.ch.NioSocketImpl.timedFinishConnect(NioSocketImpl.java:554) ~[na:na]
	at java.base/sun.nio.ch.NioSocketImpl.connect(NioSocketImpl.java:602) ~[na:na]
	at java.base/java.net.SocksSocketImpl.connect(SocksSocketImpl.java:327) ~[na:na]
	at java.base/java.net.Socket.connect(Socket.java:633) ~[na:na]
	at org.apache.http.conn.ssl.SSLConnectionSocketFactory.connectSocket(SSLConnectionSocketFactory.java:368) ~[httpclient-4.5.14.jar:4.5.14]
	at org.apache.http.impl.conn.DefaultHttpClientConnectionOperator.connect(DefaultHttpClientConnectionOperator.java:142) ~[httpclient-4.5.14.jar:4.5.14]
	... 10 common frames omitted

2026-07-09T10:35:47.521+05:00 ERROR 61792 --- [channelpulse] [gram Connection] o.t.t.u.DefaultBotSession                : Connect to api.telegram.org:443 [api.telegram.org/149.154.166.110] failed: Connection timed out: no further information

org.apache.http.conn.HttpHostConnectException: Connect to api.telegram.org:443 [api.telegram.org/149.154.166.110] failed: Connection timed out: no further information
	at org.apache.http.impl.conn.DefaultHttpClientConnectionOperator.connect(DefaultHttpClientConnectionOperator.java:156) ~[httpclient-4.5.14.jar:4.5.14]
	at org.apache.http.impl.conn.PoolingHttpClientConnectionManager.connect(PoolingHttpClientConnectionManager.java:376) ~[httpclient-4.5.14.jar:4.5.14]
	at org.apache.http.impl.execchain.MainClientExec.establishRoute(MainClientExec.java:393) ~[httpclient-4.5.14.jar:4.5.14]
	at org.apache.http.impl.execchain.MainClientExec.execute(MainClientExec.java:236) ~[httpclient-4.5.14.jar:4.5.14]
	at org.apache.http.impl.execchain.ProtocolExec.execute(ProtocolExec.java:186) ~[httpclient-4.5.14.jar:4.5.14]
	at org.apache.http.impl.execchain.RetryExec.execute(RetryExec.java:89) ~[httpclient-4.5.14.jar:4.5.14]
	at org.apache.http.impl.execchain.RedirectExec.execute(RedirectExec.java:110) ~[httpclient-4.5.14.jar:4.5.14]
	at org.apache.http.impl.client.InternalHttpClient.doExecute(InternalHttpClient.java:185) ~[httpclient-4.5.14.jar:4.5.14]
	at org.apache.http.impl.client.CloseableHttpClient.execute(CloseableHttpClient.java:83) ~[httpclient-4.5.14.jar:4.5.14]
	at org.telegram.telegrambots.updatesreceivers.DefaultBotSession$ReaderThread.getUpdatesFromServer(DefaultBotSession.java:249) ~[telegrambots-6.9.7.1.jar:na]
	at org.telegram.telegrambots.updatesreceivers.DefaultBotSession$ReaderThread.run(DefaultBotSession.java:188) ~[telegrambots-6.9.7.1.jar:na]
Caused by: java.net.ConnectException: Connection timed out: no further information
	at java.base/sun.nio.ch.Net.pollConnect(Native Method) ~[na:na]
	at java.base/sun.nio.ch.Net.pollConnectNow(Net.java:672) ~[na:na]
	at java.base/sun.nio.ch.NioSocketImpl.timedFinishConnect(NioSocketImpl.java:554) ~[na:na]
	at java.base/sun.nio.ch.NioSocketImpl.connect(NioSocketImpl.java:602) ~[na:na]
	at java.base/java.net.SocksSocketImpl.connect(SocksSocketImpl.java:327) ~[na:na]
	at java.base/java.net.Socket.connect(Socket.java:633) ~[na:na]
	at org.apache.http.conn.ssl.SSLConnectionSocketFactory.connectSocket(SSLConnectionSocketFactory.java:368) ~[httpclient-4.5.14.jar:4.5.14]
	at org.apache.http.impl.conn.DefaultHttpClientConnectionOperator.connect(DefaultHttpClientConnectionOperator.java:142) ~[httpclient-4.5.14.jar:4.5.14]
	... 10 common frames omitted

2026-07-09T10:36:09.084+05:00 ERROR 61792 --- [channelpulse] [gram Connection] o.t.t.u.DefaultBotSession                : Connect to api.telegram.org:443 [api.telegram.org/149.154.166.110] failed: Connection timed out: no further information

org.apache.http.conn.HttpHostConnectException: Connect to api.telegram.org:443 [api.telegram.org/149.154.166.110] failed: Connection timed out: no further information
	at org.apache.http.impl.conn.DefaultHttpClientConnectionOperator.connect(DefaultHttpClientConnectionOperator.java:156) ~[httpclient-4.5.14.jar:4.5.14]
	at org.apache.http.impl.conn.PoolingHttpClientConnectionManager.connect(PoolingHttpClientConnectionManager.java:376) ~[httpclient-4.5.14.jar:4.5.14]
	at org.apache.http.impl.execchain.MainClientExec.establishRoute(MainClientExec.java:393) ~[httpclient-4.5.14.jar:4.5.14]
	at org.apache.http.impl.execchain.MainClientExec.execute(MainClientExec.java:236) ~[httpclient-4.5.14.jar:4.5.14]
	at org.apache.http.impl.execchain.ProtocolExec.execute(ProtocolExec.java:186) ~[httpclient-4.5.14.jar:4.5.14]
	at org.apache.http.impl.execchain.RetryExec.execute(RetryExec.java:89) ~[httpclient-4.5.14.jar:4.5.14]
	at org.apache.http.impl.execchain.RedirectExec.execute(RedirectExec.java:110) ~[httpclient-4.5.14.jar:4.5.14]
	at org.apache.http.impl.client.InternalHttpClient.doExecute(InternalHttpClient.java:185) ~[httpclient-4.5.14.jar:4.5.14]
	at org.apache.http.impl.client.CloseableHttpClient.execute(CloseableHttpClient.java:83) ~[httpclient-4.5.14.jar:4.5.14]
	at org.telegram.telegrambots.updatesreceivers.DefaultBotSession$ReaderThread.getUpdatesFromServer(DefaultBotSession.java:249) ~[telegrambots-6.9.7.1.jar:na]
	at org.telegram.telegrambots.updatesreceivers.DefaultBotSession$ReaderThread.run(DefaultBotSession.java:188) ~[telegrambots-6.9.7.1.jar:na]
Caused by: java.net.ConnectException: Connection timed out: no further information
	at java.base/sun.nio.ch.Net.pollConnect(Native Method) ~[na:na]
	at java.base/sun.nio.ch.Net.pollConnectNow(Net.java:672) ~[na:na]
	at java.base/sun.nio.ch.NioSocketImpl.timedFinishConnect(NioSocketImpl.java:554) ~[na:na]
	at java.base/sun.nio.ch.NioSocketImpl.connect(NioSocketImpl.java:602) ~[na:na]
	at java.base/java.net.SocksSocketImpl.connect(SocksSocketImpl.java:327) ~[na:na]
	at java.base/java.net.Socket.connect(Socket.java:633) ~[na:na]
	at org.apache.http.conn.ssl.SSLConnectionSocketFactory.connectSocket(SSLConnectionSocketFactory.java:368) ~[httpclient-4.5.14.jar:4.5.14]
	at org.apache.http.impl.conn.DefaultHttpClientConnectionOperator.connect(DefaultHttpClientConnectionOperator.java:142) ~[httpclient-4.5.14.jar:4.5.14]
	... 10 common frames omitted

2026-07-09T10:36:30.651+05:00 ERROR 61792 --- [channelpulse] [gram Connection] o.t.t.u.DefaultBotSession                : Connect to api.telegram.org:443 [api.telegram.org/149.154.166.110] failed: Connection timed out: no further information

org.apache.http.conn.HttpHostConnectException: Connect to api.telegram.org:443 [api.telegram.org/149.154.166.110] failed: Connection timed out: no further information
	at org.apache.http.impl.conn.DefaultHttpClientConnectionOperator.connect(DefaultHttpClientConnectionOperator.java:156) ~[httpclient-4.5.14.jar:4.5.14]
	at org.apache.http.impl.conn.PoolingHttpClientConnectionManager.connect(PoolingHttpClientConnectionManager.java:376) ~[httpclient-4.5.14.jar:4.5.14]
	at org.apache.http.impl.execchain.MainClientExec.establishRoute(MainClientExec.java:393) ~[httpclient-4.5.14.jar:4.5.14]
	at org.apache.http.impl.execchain.MainClientExec.execute(MainClientExec.java:236) ~[httpclient-4.5.14.jar:4.5.14]
	at org.apache.http.impl.execchain.ProtocolExec.execute(ProtocolExec.java:186) ~[httpclient-4.5.14.jar:4.5.14]
	at org.apache.http.impl.execchain.RetryExec.execute(RetryExec.java:89) ~[httpclient-4.5.14.jar:4.5.14]
	at org.apache.http.impl.execchain.RedirectExec.execute(RedirectExec.java:110) ~[httpclient-4.5.14.jar:4.5.14]
	at org.apache.http.impl.client.InternalHttpClient.doExecute(InternalHttpClient.java:185) ~[httpclient-4.5.14.jar:4.5.14]
	at org.apache.http.impl.client.CloseableHttpClient.execute(CloseableHttpClient.java:83) ~[httpclient-4.5.14.jar:4.5.14]
	at org.telegram.telegrambots.updatesreceivers.DefaultBotSession$ReaderThread.getUpdatesFromServer(DefaultBotSession.java:249) ~[telegrambots-6.9.7.1.jar:na]
	at org.telegram.telegrambots.updatesreceivers.DefaultBotSession$ReaderThread.run(DefaultBotSession.java:188) ~[telegrambots-6.9.7.1.jar:na]
Caused by: java.net.ConnectException: Connection timed out: no further information
	at java.base/sun.nio.ch.Net.pollConnect(Native Method) ~[na:na]
	at java.base/sun.nio.ch.Net.pollConnectNow(Net.java:672) ~[na:na]
	at java.base/sun.nio.ch.NioSocketImpl.timedFinishConnect(NioSocketImpl.java:554) ~[na:na]
	at java.base/sun.nio.ch.NioSocketImpl.connect(NioSocketImpl.java:602) ~[na:na]
	at java.base/java.net.SocksSocketImpl.connect(SocksSocketImpl.java:327) ~[na:na]
	at java.base/java.net.Socket.connect(Socket.java:633) ~[na:na]
	at org.apache.http.conn.ssl.SSLConnectionSocketFactory.connectSocket(SSLConnectionSocketFactory.java:368) ~[httpclient-4.5.14.jar:4.5.14]
	at org.apache.http.impl.conn.DefaultHttpClientConnectionOperator.connect(DefaultHttpClientConnectionOperator.java:142) ~[httpclient-4.5.14.jar:4.5.14]
	... 10 common frames omitted

2026-07-09T10:36:52.183+05:00 ERROR 61792 --- [channelpulse] [gram Connection] o.t.t.u.DefaultBotSession                : Connect to api.telegram.org:443 [api.telegram.org/149.154.166.110] failed: Connection timed out: no further information

org.apache.http.conn.HttpHostConnectException: Connect to api.telegram.org:443 [api.telegram.org/149.154.166.110] failed: Connection timed out: no further information
	at org.apache.http.impl.conn.DefaultHttpClientConnectionOperator.connect(DefaultHttpClientConnectionOperator.java:156) ~[httpclient-4.5.14.jar:4.5.14]
	at org.apache.http.impl.conn.PoolingHttpClientConnectionManager.connect(PoolingHttpClientConnectionManager.java:376) ~[httpclient-4.5.14.jar:4.5.14]
	at org.apache.http.impl.execchain.MainClientExec.establishRoute(MainClientExec.java:393) ~[httpclient-4.5.14.jar:4.5.14]
	at org.apache.http.impl.execchain.MainClientExec.execute(MainClientExec.java:236) ~[httpclient-4.5.14.jar:4.5.14]
	at org.apache.http.impl.execchain.ProtocolExec.execute(ProtocolExec.java:186) ~[httpclient-4.5.14.jar:4.5.14]
	at org.apache.http.impl.execchain.RetryExec.execute(RetryExec.java:89) ~[httpclient-4.5.14.jar:4.5.14]
	at org.apache.http.impl.execchain.RedirectExec.execute(RedirectExec.java:110) ~[httpclient-4.5.14.jar:4.5.14]
	at org.apache.http.impl.client.InternalHttpClient.doExecute(InternalHttpClient.java:185) ~[httpclient-4.5.14.jar:4.5.14]
	at org.apache.http.impl.client.CloseableHttpClient.execute(CloseableHttpClient.java:83) ~[httpclient-4.5.14.jar:4.5.14]
	at org.telegram.telegrambots.updatesreceivers.DefaultBotSession$ReaderThread.getUpdatesFromServer(DefaultBotSession.java:249) ~[telegrambots-6.9.7.1.jar:na]
	at org.telegram.telegrambots.updatesreceivers.DefaultBotSession$ReaderThread.run(DefaultBotSession.java:188) ~[telegrambots-6.9.7.1.jar:na]
Caused by: java.net.ConnectException: Connection timed out: no further information
	at java.base/sun.nio.ch.Net.pollConnect(Native Method) ~[na:na]
	at java.base/sun.nio.ch.Net.pollConnectNow(Net.java:672) ~[na:na]
	at java.base/sun.nio.ch.NioSocketImpl.timedFinishConnect(NioSocketImpl.java:554) ~[na:na]
	at java.base/sun.nio.ch.NioSocketImpl.connect(NioSocketImpl.java:602) ~[na:na]
	at java.base/java.net.SocksSocketImpl.connect(SocksSocketImpl.java:327) ~[na:na]
	at java.base/java.net.Socket.connect(Socket.java:633) ~[na:na]
	at org.apache.http.conn.ssl.SSLConnectionSocketFactory.connectSocket(SSLConnectionSocketFactory.java:368) ~[httpclient-4.5.14.jar:4.5.14]
	at org.apache.http.impl.conn.DefaultHttpClientConnectionOperator.connect(DefaultHttpClientConnectionOperator.java:142) ~[httpclient-4.5.14.jar:4.5.14]
	... 10 common frames omitted

2026-07-09T10:37:13.766+05:00 ERROR 61792 --- [channelpulse] [gram Connection] o.t.t.u.DefaultBotSession                : Connect to api.telegram.org:443 [api.telegram.org/149.154.166.110] failed: Connection timed out: no further information

org.apache.http.conn.HttpHostConnectException: Connect to api.telegram.org:443 [api.telegram.org/149.154.166.110] failed: Connection timed out: no further information
	at org.apache.http.impl.conn.DefaultHttpClientConnectionOperator.connect(DefaultHttpClientConnectionOperator.java:156) ~[httpclient-4.5.14.jar:4.5.14]
	at org.apache.http.impl.conn.PoolingHttpClientConnectionManager.connect(PoolingHttpClientConnectionManager.java:376) ~[httpclient-4.5.14.jar:4.5.14]
	at org.apache.http.impl.execchain.MainClientExec.establishRoute(MainClientExec.java:393) ~[httpclient-4.5.14.jar:4.5.14]
	at org.apache.http.impl.execchain.MainClientExec.execute(MainClientExec.java:236) ~[httpclient-4.5.14.jar:4.5.14]
	at org.apache.http.impl.execchain.ProtocolExec.execute(ProtocolExec.java:186) ~[httpclient-4.5.14.jar:4.5.14]
	at org.apache.http.impl.execchain.RetryExec.execute(RetryExec.java:89) ~[httpclient-4.5.14.jar:4.5.14]
	at org.apache.http.impl.execchain.RedirectExec.execute(RedirectExec.java:110) ~[httpclient-4.5.14.jar:4.5.14]
	at org.apache.http.impl.client.InternalHttpClient.doExecute(InternalHttpClient.java:185) ~[httpclient-4.5.14.jar:4.5.14]
	at org.apache.http.impl.client.CloseableHttpClient.execute(CloseableHttpClient.java:83) ~[httpclient-4.5.14.jar:4.5.14]
	at org.telegram.telegrambots.updatesreceivers.DefaultBotSession$ReaderThread.getUpdatesFromServer(DefaultBotSession.java:249) ~[telegrambots-6.9.7.1.jar:na]
	at org.telegram.telegrambots.updatesreceivers.DefaultBotSession$ReaderThread.run(DefaultBotSession.java:188) ~[telegrambots-6.9.7.1.jar:na]
Caused by: java.net.ConnectException: Connection timed out: no further information
	at java.base/sun.nio.ch.Net.pollConnect(Native Method) ~[na:na]
	at java.base/sun.nio.ch.Net.pollConnectNow(Net.java:672) ~[na:na]
	at java.base/sun.nio.ch.NioSocketImpl.timedFinishConnect(NioSocketImpl.java:554) ~[na:na]
	at java.base/sun.nio.ch.NioSocketImpl.connect(NioSocketImpl.java:602) ~[na:na]
	at java.base/java.net.SocksSocketImpl.connect(SocksSocketImpl.java:327) ~[na:na]
	at java.base/java.net.Socket.connect(Socket.java:633) ~[na:na]
	at org.apache.http.conn.ssl.SSLConnectionSocketFactory.connectSocket(SSLConnectionSocketFactory.java:368) ~[httpclient-4.5.14.jar:4.5.14]
	at org.apache.http.impl.conn.DefaultHttpClientConnectionOperator.connect(DefaultHttpClientConnectionOperator.java:142) ~[httpclient-4.5.14.jar:4.5.14]
	... 10 common frames omitted

2026-07-09T10:37:35.333+05:00 ERROR 61792 --- [channelpulse] [gram Connection] o.t.t.u.DefaultBotSession                : Connect to api.telegram.org:443 [api.telegram.org/149.154.166.110] failed: Connection timed out: no further information

org.apache.http.conn.HttpHostConnectException: Connect to api.telegram.org:443 [api.telegram.org/149.154.166.110] failed: Connection timed out: no further information
	at org.apache.http.impl.conn.DefaultHttpClientConnectionOperator.connect(DefaultHttpClientConnectionOperator.java:156) ~[httpclient-4.5.14.jar:4.5.14]
	at org.apache.http.impl.conn.PoolingHttpClientConnectionManager.connect(PoolingHttpClientConnectionManager.java:376) ~[httpclient-4.5.14.jar:4.5.14]
	at org.apache.http.impl.execchain.MainClientExec.establishRoute(MainClientExec.java:393) ~[httpclient-4.5.14.jar:4.5.14]
	at org.apache.http.impl.execchain.MainClientExec.execute(MainClientExec.java:236) ~[httpclient-4.5.14.jar:4.5.14]
	at org.apache.http.impl.execchain.ProtocolExec.execute(ProtocolExec.java:186) ~[httpclient-4.5.14.jar:4.5.14]
	at org.apache.http.impl.execchain.RetryExec.execute(RetryExec.java:89) ~[httpclient-4.5.14.jar:4.5.14]
	at org.apache.http.impl.execchain.RedirectExec.execute(RedirectExec.java:110) ~[httpclient-4.5.14.jar:4.5.14]
	at org.apache.http.impl.client.InternalHttpClient.doExecute(InternalHttpClient.java:185) ~[httpclient-4.5.14.jar:4.5.14]
	at org.apache.http.impl.client.CloseableHttpClient.execute(CloseableHttpClient.java:83) ~[httpclient-4.5.14.jar:4.5.14]
	at org.telegram.telegrambots.updatesreceivers.DefaultBotSession$ReaderThread.getUpdatesFromServer(DefaultBotSession.java:249) ~[telegrambots-6.9.7.1.jar:na]
	at org.telegram.telegrambots.updatesreceivers.DefaultBotSession$ReaderThread.run(DefaultBotSession.java:188) ~[telegrambots-6.9.7.1.jar:na]
Caused by: java.net.ConnectException: Connection timed out: no further information
	at java.base/sun.nio.ch.Net.pollConnect(Native Method) ~[na:na]
	at java.base/sun.nio.ch.Net.pollConnectNow(Net.java:672) ~[na:na]
	at java.base/sun.nio.ch.NioSocketImpl.timedFinishConnect(NioSocketImpl.java:554) ~[na:na]
	at java.base/sun.nio.ch.NioSocketImpl.connect(NioSocketImpl.java:602) ~[na:na]
	at java.base/java.net.SocksSocketImpl.connect(SocksSocketImpl.java:327) ~[na:na]
	at java.base/java.net.Socket.connect(Socket.java:633) ~[na:na]
	at org.apache.http.conn.ssl.SSLConnectionSocketFactory.connectSocket(SSLConnectionSocketFactory.java:368) ~[httpclient-4.5.14.jar:4.5.14]
	at org.apache.http.impl.conn.DefaultHttpClientConnectionOperator.connect(DefaultHttpClientConnectionOperator.java:142) ~[httpclient-4.5.14.jar:4.5.14]
	... 10 common frames omitted

2026-07-09T10:37:56.903+05:00 ERROR 61792 --- [channelpulse] [gram Connection] o.t.t.u.DefaultBotSession                : Connect to api.telegram.org:443 [api.telegram.org/149.154.166.110] failed: Connection timed out: no further information

org.apache.http.conn.HttpHostConnectException: Connect to api.telegram.org:443 [api.telegram.org/149.154.166.110] failed: Connection timed out: no further information
	at org.apache.http.impl.conn.DefaultHttpClientConnectionOperator.connect(DefaultHttpClientConnectionOperator.java:156) ~[httpclient-4.5.14.jar:4.5.14]
	at org.apache.http.impl.conn.PoolingHttpClientConnectionManager.connect(PoolingHttpClientConnectionManager.java:376) ~[httpclient-4.5.14.jar:4.5.14]
	at org.apache.http.impl.execchain.MainClientExec.establishRoute(MainClientExec.java:393) ~[httpclient-4.5.14.jar:4.5.14]
	at org.apache.http.impl.execchain.MainClientExec.execute(MainClientExec.java:236) ~[httpclient-4.5.14.jar:4.5.14]
	at org.apache.http.impl.execchain.ProtocolExec.execute(ProtocolExec.java:186) ~[httpclient-4.5.14.jar:4.5.14]
	at org.apache.http.impl.execchain.RetryExec.execute(RetryExec.java:89) ~[httpclient-4.5.14.jar:4.5.14]
	at org.apache.http.impl.execchain.RedirectExec.execute(RedirectExec.java:110) ~[httpclient-4.5.14.jar:4.5.14]
	at org.apache.http.impl.client.InternalHttpClient.doExecute(InternalHttpClient.java:185) ~[httpclient-4.5.14.jar:4.5.14]
	at org.apache.http.impl.client.CloseableHttpClient.execute(CloseableHttpClient.java:83) ~[httpclient-4.5.14.jar:4.5.14]
	at org.telegram.telegrambots.updatesreceivers.DefaultBotSession$ReaderThread.getUpdatesFromServer(DefaultBotSession.java:249) ~[telegrambots-6.9.7.1.jar:na]
	at org.telegram.telegrambots.updatesreceivers.DefaultBotSession$ReaderThread.run(DefaultBotSession.java:188) ~[telegrambots-6.9.7.1.jar:na]
Caused by: java.net.ConnectException: Connection timed out: no further information
	at java.base/sun.nio.ch.Net.pollConnect(Native Method) ~[na:na]
	at java.base/sun.nio.ch.Net.pollConnectNow(Net.java:672) ~[na:na]
	at java.base/sun.nio.ch.NioSocketImpl.timedFinishConnect(NioSocketImpl.java:554) ~[na:na]
	at java.base/sun.nio.ch.NioSocketImpl.connect(NioSocketImpl.java:602) ~[na:na]
	at java.base/java.net.SocksSocketImpl.connect(SocksSocketImpl.java:327) ~[na:na]
	at java.base/java.net.Socket.connect(Socket.java:633) ~[na:na]
	at org.apache.http.conn.ssl.SSLConnectionSocketFactory.connectSocket(SSLConnectionSocketFactory.java:368) ~[httpclient-4.5.14.jar:4.5.14]
	at org.apache.http.impl.conn.DefaultHttpClientConnectionOperator.connect(DefaultHttpClientConnectionOperator.java:142) ~[httpclient-4.5.14.jar:4.5.14]
	... 10 common frames omitted

2026-07-09T10:38:18.453+05:00 ERROR 61792 --- [channelpulse] [gram Connection] o.t.t.u.DefaultBotSession                : Connect to api.telegram.org:443 [api.telegram.org/149.154.166.110] failed: Connection timed out: no further information

org.apache.http.conn.HttpHostConnectException: Connect to api.telegram.org:443 [api.telegram.org/149.154.166.110] failed: Connection timed out: no further information
	at org.apache.http.impl.conn.DefaultHttpClientConnectionOperator.connect(DefaultHttpClientConnectionOperator.java:156) ~[httpclient-4.5.14.jar:4.5.14]
	at org.apache.http.impl.conn.PoolingHttpClientConnectionManager.connect(PoolingHttpClientConnectionManager.java:376) ~[httpclient-4.5.14.jar:4.5.14]
	at org.apache.http.impl.execchain.MainClientExec.establishRoute(MainClientExec.java:393) ~[httpclient-4.5.14.jar:4.5.14]
	at org.apache.http.impl.execchain.MainClientExec.execute(MainClientExec.java:236) ~[httpclient-4.5.14.jar:4.5.14]
	at org.apache.http.impl.execchain.ProtocolExec.execute(ProtocolExec.java:186) ~[httpclient-4.5.14.jar:4.5.14]
	at org.apache.http.impl.execchain.RetryExec.execute(RetryExec.java:89) ~[httpclient-4.5.14.jar:4.5.14]
	at org.apache.http.impl.execchain.RedirectExec.execute(RedirectExec.java:110) ~[httpclient-4.5.14.jar:4.5.14]
	at org.apache.http.impl.client.InternalHttpClient.doExecute(InternalHttpClient.java:185) ~[httpclient-4.5.14.jar:4.5.14]
	at org.apache.http.impl.client.CloseableHttpClient.execute(CloseableHttpClient.java:83) ~[httpclient-4.5.14.jar:4.5.14]
	at org.telegram.telegrambots.updatesreceivers.DefaultBotSession$ReaderThread.getUpdatesFromServer(DefaultBotSession.java:249) ~[telegrambots-6.9.7.1.jar:na]
	at org.telegram.telegrambots.updatesreceivers.DefaultBotSession$ReaderThread.run(DefaultBotSession.java:188) ~[telegrambots-6.9.7.1.jar:na]
Caused by: java.net.ConnectException: Connection timed out: no further information
	at java.base/sun.nio.ch.Net.pollConnect(Native Method) ~[na:na]
	at java.base/sun.nio.ch.Net.pollConnectNow(Net.java:672) ~[na:na]
	at java.base/sun.nio.ch.NioSocketImpl.timedFinishConnect(NioSocketImpl.java:554) ~[na:na]
	at java.base/sun.nio.ch.NioSocketImpl.connect(NioSocketImpl.java:602) ~[na:na]
	at java.base/java.net.SocksSocketImpl.connect(SocksSocketImpl.java:327) ~[na:na]
	at java.base/java.net.Socket.connect(Socket.java:633) ~[na:na]
	at org.apache.http.conn.ssl.SSLConnectionSocketFactory.connectSocket(SSLConnectionSocketFactory.java:368) ~[httpclient-4.5.14.jar:4.5.14]
	at org.apache.http.impl.conn.DefaultHttpClientConnectionOperator.connect(DefaultHttpClientConnectionOperator.java:142) ~[httpclient-4.5.14.jar:4.5.14]
	... 10 common frames omitted

2026-07-09T10:38:40.009+05:00 ERROR 61792 --- [channelpulse] [gram Connection] o.t.t.u.DefaultBotSession                : Connect to api.telegram.org:443 [api.telegram.org/149.154.166.110] failed: Connection timed out: no further information

org.apache.http.conn.HttpHostConnectException: Connect to api.telegram.org:443 [api.telegram.org/149.154.166.110] failed: Connection timed out: no further information
	at org.apache.http.impl.conn.DefaultHttpClientConnectionOperator.connect(DefaultHttpClientConnectionOperator.java:156) ~[httpclient-4.5.14.jar:4.5.14]
	at org.apache.http.impl.conn.PoolingHttpClientConnectionManager.connect(PoolingHttpClientConnectionManager.java:376) ~[httpclient-4.5.14.jar:4.5.14]
	at org.apache.http.impl.execchain.MainClientExec.establishRoute(MainClientExec.java:393) ~[httpclient-4.5.14.jar:4.5.14]
	at org.apache.http.impl.execchain.MainClientExec.execute(MainClientExec.java:236) ~[httpclient-4.5.14.jar:4.5.14]
	at org.apache.http.impl.execchain.ProtocolExec.execute(ProtocolExec.java:186) ~[httpclient-4.5.14.jar:4.5.14]
	at org.apache.http.impl.execchain.RetryExec.execute(RetryExec.java:89) ~[httpclient-4.5.14.jar:4.5.14]
	at org.apache.http.impl.execchain.RedirectExec.execute(RedirectExec.java:110) ~[httpclient-4.5.14.jar:4.5.14]
	at org.apache.http.impl.client.InternalHttpClient.doExecute(InternalHttpClient.java:185) ~[httpclient-4.5.14.jar:4.5.14]
	at org.apache.http.impl.client.CloseableHttpClient.execute(CloseableHttpClient.java:83) ~[httpclient-4.5.14.jar:4.5.14]
	at org.telegram.telegrambots.updatesreceivers.DefaultBotSession$ReaderThread.getUpdatesFromServer(DefaultBotSession.java:249) ~[telegrambots-6.9.7.1.jar:na]
	at org.telegram.telegrambots.updatesreceivers.DefaultBotSession$ReaderThread.run(DefaultBotSession.java:188) ~[telegrambots-6.9.7.1.jar:na]
Caused by: java.net.ConnectException: Connection timed out: no further information
	at java.base/sun.nio.ch.Net.pollConnect(Native Method) ~[na:na]
	at java.base/sun.nio.ch.Net.pollConnectNow(Net.java:672) ~[na:na]
	at java.base/sun.nio.ch.NioSocketImpl.timedFinishConnect(NioSocketImpl.java:554) ~[na:na]
	at java.base/sun.nio.ch.NioSocketImpl.connect(NioSocketImpl.java:602) ~[na:na]
	at java.base/java.net.SocksSocketImpl.connect(SocksSocketImpl.java:327) ~[na:na]
	at java.base/java.net.Socket.connect(Socket.java:633) ~[na:na]
	at org.apache.http.conn.ssl.SSLConnectionSocketFactory.connectSocket(SSLConnectionSocketFactory.java:368) ~[httpclient-4.5.14.jar:4.5.14]
	at org.apache.http.impl.conn.DefaultHttpClientConnectionOperator.connect(DefaultHttpClientConnectionOperator.java:142) ~[httpclient-4.5.14.jar:4.5.14]
	... 10 common frames omitted

2026-07-09T10:39:01.573+05:00 ERROR 61792 --- [channelpulse] [gram Connection] o.t.t.u.DefaultBotSession                : Connect to api.telegram.org:443 [api.telegram.org/149.154.166.110] failed: Connection timed out: no further information

org.apache.http.conn.HttpHostConnectException: Connect to api.telegram.org:443 [api.telegram.org/149.154.166.110] failed: Connection timed out: no further information
	at org.apache.http.impl.conn.DefaultHttpClientConnectionOperator.connect(DefaultHttpClientConnectionOperator.java:156) ~[httpclient-4.5.14.jar:4.5.14]
	at org.apache.http.impl.conn.PoolingHttpClientConnectionManager.connect(PoolingHttpClientConnectionManager.java:376) ~[httpclient-4.5.14.jar:4.5.14]
	at org.apache.http.impl.execchain.MainClientExec.establishRoute(MainClientExec.java:393) ~[httpclient-4.5.14.jar:4.5.14]
	at org.apache.http.impl.execchain.MainClientExec.execute(MainClientExec.java:236) ~[httpclient-4.5.14.jar:4.5.14]
	at org.apache.http.impl.execchain.ProtocolExec.execute(ProtocolExec.java:186) ~[httpclient-4.5.14.jar:4.5.14]
	at org.apache.http.impl.execchain.RetryExec.execute(RetryExec.java:89) ~[httpclient-4.5.14.jar:4.5.14]
	at org.apache.http.impl.execchain.RedirectExec.execute(RedirectExec.java:110) ~[httpclient-4.5.14.jar:4.5.14]
	at org.apache.http.impl.client.InternalHttpClient.doExecute(InternalHttpClient.java:185) ~[httpclient-4.5.14.jar:4.5.14]
	at org.apache.http.impl.client.CloseableHttpClient.execute(CloseableHttpClient.java:83) ~[httpclient-4.5.14.jar:4.5.14]
	at org.telegram.telegrambots.updatesreceivers.DefaultBotSession$ReaderThread.getUpdatesFromServer(DefaultBotSession.java:249) ~[telegrambots-6.9.7.1.jar:na]
	at org.telegram.telegrambots.updatesreceivers.DefaultBotSession$ReaderThread.run(DefaultBotSession.java:188) ~[telegrambots-6.9.7.1.jar:na]
Caused by: java.net.ConnectException: Connection timed out: no further information
	at java.base/sun.nio.ch.Net.pollConnect(Native Method) ~[na:na]
	at java.base/sun.nio.ch.Net.pollConnectNow(Net.java:672) ~[na:na]
	at java.base/sun.nio.ch.NioSocketImpl.timedFinishConnect(NioSocketImpl.java:554) ~[na:na]
	at java.base/sun.nio.ch.NioSocketImpl.connect(NioSocketImpl.java:602) ~[na:na]
	at java.base/java.net.SocksSocketImpl.connect(SocksSocketImpl.java:327) ~[na:na]
	at java.base/java.net.Socket.connect(Socket.java:633) ~[na:na]
	at org.apache.http.conn.ssl.SSLConnectionSocketFactory.connectSocket(SSLConnectionSocketFactory.java:368) ~[httpclient-4.5.14.jar:4.5.14]
	at org.apache.http.impl.conn.DefaultHttpClientConnectionOperator.connect(DefaultHttpClientConnectionOperator.java:142) ~[httpclient-4.5.14.jar:4.5.14]
	... 10 common frames omitted

2026-07-09T10:39:23.157+05:00 ERROR 61792 --- [channelpulse] [gram Connection] o.t.t.u.DefaultBotSession                : Connect to api.telegram.org:443 [api.telegram.org/149.154.166.110] failed: Connection timed out: no further information

org.apache.http.conn.HttpHostConnectException: Connect to api.telegram.org:443 [api.telegram.org/149.154.166.110] failed: Connection timed out: no further information
	at org.apache.http.impl.conn.DefaultHttpClientConnectionOperator.connect(DefaultHttpClientConnectionOperator.java:156) ~[httpclient-4.5.14.jar:4.5.14]
	at org.apache.http.impl.conn.PoolingHttpClientConnectionManager.connect(PoolingHttpClientConnectionManager.java:376) ~[httpclient-4.5.14.jar:4.5.14]
	at org.apache.http.impl.execchain.MainClientExec.establishRoute(MainClientExec.java:393) ~[httpclient-4.5.14.jar:4.5.14]
	at org.apache.http.impl.execchain.MainClientExec.execute(MainClientExec.java:236) ~[httpclient-4.5.14.jar:4.5.14]
	at org.apache.http.impl.execchain.ProtocolExec.execute(ProtocolExec.java:186) ~[httpclient-4.5.14.jar:4.5.14]
	at org.apache.http.impl.execchain.RetryExec.execute(RetryExec.java:89) ~[httpclient-4.5.14.jar:4.5.14]
	at org.apache.http.impl.execchain.RedirectExec.execute(RedirectExec.java:110) ~[httpclient-4.5.14.jar:4.5.14]
	at org.apache.http.impl.client.InternalHttpClient.doExecute(InternalHttpClient.java:185) ~[httpclient-4.5.14.jar:4.5.14]
	at org.apache.http.impl.client.CloseableHttpClient.execute(CloseableHttpClient.java:83) ~[httpclient-4.5.14.jar:4.5.14]
	at org.telegram.telegrambots.updatesreceivers.DefaultBotSession$ReaderThread.getUpdatesFromServer(DefaultBotSession.java:249) ~[telegrambots-6.9.7.1.jar:na]
	at org.telegram.telegrambots.updatesreceivers.DefaultBotSession$ReaderThread.run(DefaultBotSession.java:188) ~[telegrambots-6.9.7.1.jar:na]
Caused by: java.net.ConnectException: Connection timed out: no further information
	at java.base/sun.nio.ch.Net.pollConnect(Native Method) ~[na:na]
	at java.base/sun.nio.ch.Net.pollConnectNow(Net.java:672) ~[na:na]
	at java.base/sun.nio.ch.NioSocketImpl.timedFinishConnect(NioSocketImpl.java:554) ~[na:na]
	at java.base/sun.nio.ch.NioSocketImpl.connect(NioSocketImpl.java:602) ~[na:na]
	at java.base/java.net.SocksSocketImpl.connect(SocksSocketImpl.java:327) ~[na:na]
	at java.base/java.net.Socket.connect(Socket.java:633) ~[na:na]
	at org.apache.http.conn.ssl.SSLConnectionSocketFactory.connectSocket(SSLConnectionSocketFactory.java:368) ~[httpclient-4.5.14.jar:4.5.14]
	at org.apache.http.impl.conn.DefaultHttpClientConnectionOperator.connect(DefaultHttpClientConnectionOperator.java:142) ~[httpclient-4.5.14.jar:4.5.14]
	... 10 common frames omitted

2026-07-09T10:39:44.737+05:00 ERROR 61792 --- [channelpulse] [gram Connection] o.t.t.u.DefaultBotSession                : Connect to api.telegram.org:443 [api.telegram.org/149.154.166.110] failed: Connection timed out: no further information

org.apache.http.conn.HttpHostConnectException: Connect to api.telegram.org:443 [api.telegram.org/149.154.166.110] failed: Connection timed out: no further information
	at org.apache.http.impl.conn.DefaultHttpClientConnectionOperator.connect(DefaultHttpClientConnectionOperator.java:156) ~[httpclient-4.5.14.jar:4.5.14]
	at org.apache.http.impl.conn.PoolingHttpClientConnectionManager.connect(PoolingHttpClientConnectionManager.java:376) ~[httpclient-4.5.14.jar:4.5.14]
	at org.apache.http.impl.execchain.MainClientExec.establishRoute(MainClientExec.java:393) ~[httpclient-4.5.14.jar:4.5.14]
	at org.apache.http.impl.execchain.MainClientExec.execute(MainClientExec.java:236) ~[httpclient-4.5.14.jar:4.5.14]
	at org.apache.http.impl.execchain.ProtocolExec.execute(ProtocolExec.java:186) ~[httpclient-4.5.14.jar:4.5.14]
	at org.apache.http.impl.execchain.RetryExec.execute(RetryExec.java:89) ~[httpclient-4.5.14.jar:4.5.14]
	at org.apache.http.impl.execchain.RedirectExec.execute(RedirectExec.java:110) ~[httpclient-4.5.14.jar:4.5.14]
	at org.apache.http.impl.client.InternalHttpClient.doExecute(InternalHttpClient.java:185) ~[httpclient-4.5.14.jar:4.5.14]
	at org.apache.http.impl.client.CloseableHttpClient.execute(CloseableHttpClient.java:83) ~[httpclient-4.5.14.jar:4.5.14]
	at org.telegram.telegrambots.updatesreceivers.DefaultBotSession$ReaderThread.getUpdatesFromServer(DefaultBotSession.java:249) ~[telegrambots-6.9.7.1.jar:na]
	at org.telegram.telegrambots.updatesreceivers.DefaultBotSession$ReaderThread.run(DefaultBotSession.java:188) ~[telegrambots-6.9.7.1.jar:na]
Caused by: java.net.ConnectException: Connection timed out: no further information
	at java.base/sun.nio.ch.Net.pollConnect(Native Method) ~[na:na]
	at java.base/sun.nio.ch.Net.pollConnectNow(Net.java:672) ~[na:na]
	at java.base/sun.nio.ch.NioSocketImpl.timedFinishConnect(NioSocketImpl.java:554) ~[na:na]
	at java.base/sun.nio.ch.NioSocketImpl.connect(NioSocketImpl.java:602) ~[na:na]
	at java.base/java.net.SocksSocketImpl.connect(SocksSocketImpl.java:327) ~[na:na]
	at java.base/java.net.Socket.connect(Socket.java:633) ~[na:na]
	at org.apache.http.conn.ssl.SSLConnectionSocketFactory.connectSocket(SSLConnectionSocketFactory.java:368) ~[httpclient-4.5.14.jar:4.5.14]
	at org.apache.http.impl.conn.DefaultHttpClientConnectionOperator.connect(DefaultHttpClientConnectionOperator.java:142) ~[httpclient-4.5.14.jar:4.5.14]
	... 10 common frames omitted

2026-07-09T10:40:06.292+05:00 ERROR 61792 --- [channelpulse] [gram Connection] o.t.t.u.DefaultBotSession                : Connect to api.telegram.org:443 [api.telegram.org/149.154.166.110] failed: Connection timed out: no further information

org.apache.http.conn.HttpHostConnectException: Connect to api.telegram.org:443 [api.telegram.org/149.154.166.110] failed: Connection timed out: no further information
	at org.apache.http.impl.conn.DefaultHttpClientConnectionOperator.connect(DefaultHttpClientConnectionOperator.java:156) ~[httpclient-4.5.14.jar:4.5.14]
	at org.apache.http.impl.conn.PoolingHttpClientConnectionManager.connect(PoolingHttpClientConnectionManager.java:376) ~[httpclient-4.5.14.jar:4.5.14]
	at org.apache.http.impl.execchain.MainClientExec.establishRoute(MainClientExec.java:393) ~[httpclient-4.5.14.jar:4.5.14]
	at org.apache.http.impl.execchain.MainClientExec.execute(MainClientExec.java:236) ~[httpclient-4.5.14.jar:4.5.14]
	at org.apache.http.impl.execchain.ProtocolExec.execute(ProtocolExec.java:186) ~[httpclient-4.5.14.jar:4.5.14]
	at org.apache.http.impl.execchain.RetryExec.execute(RetryExec.java:89) ~[httpclient-4.5.14.jar:4.5.14]
	at org.apache.http.impl.execchain.RedirectExec.execute(RedirectExec.java:110) ~[httpclient-4.5.14.jar:4.5.14]
	at org.apache.http.impl.client.InternalHttpClient.doExecute(InternalHttpClient.java:185) ~[httpclient-4.5.14.jar:4.5.14]
	at org.apache.http.impl.client.CloseableHttpClient.execute(CloseableHttpClient.java:83) ~[httpclient-4.5.14.jar:4.5.14]
	at org.telegram.telegrambots.updatesreceivers.DefaultBotSession$ReaderThread.getUpdatesFromServer(DefaultBotSession.java:249) ~[telegrambots-6.9.7.1.jar:na]
	at org.telegram.telegrambots.updatesreceivers.DefaultBotSession$ReaderThread.run(DefaultBotSession.java:188) ~[telegrambots-6.9.7.1.jar:na]
Caused by: java.net.ConnectException: Connection timed out: no further information
	at java.base/sun.nio.ch.Net.pollConnect(Native Method) ~[na:na]
	at java.base/sun.nio.ch.Net.pollConnectNow(Net.java:672) ~[na:na]
	at java.base/sun.nio.ch.NioSocketImpl.timedFinishConnect(NioSocketImpl.java:554) ~[na:na]
	at java.base/sun.nio.ch.NioSocketImpl.connect(NioSocketImpl.java:602) ~[na:na]
	at java.base/java.net.SocksSocketImpl.connect(SocksSocketImpl.java:327) ~[na:na]
	at java.base/java.net.Socket.connect(Socket.java:633) ~[na:na]
	at org.apache.http.conn.ssl.SSLConnectionSocketFactory.connectSocket(SSLConnectionSocketFactory.java:368) ~[httpclient-4.5.14.jar:4.5.14]
	at org.apache.http.impl.conn.DefaultHttpClientConnectionOperator.connect(DefaultHttpClientConnectionOperator.java:142) ~[httpclient-4.5.14.jar:4.5.14]
	... 10 common frames omitted

2026-07-09T10:40:27.849+05:00 ERROR 61792 --- [channelpulse] [gram Connection] o.t.t.u.DefaultBotSession                : Connect to api.telegram.org:443 [api.telegram.org/149.154.166.110] failed: Connection timed out: no further information

org.apache.http.conn.HttpHostConnectException: Connect to api.telegram.org:443 [api.telegram.org/149.154.166.110] failed: Connection timed out: no further information
	at org.apache.http.impl.conn.DefaultHttpClientConnectionOperator.connect(DefaultHttpClientConnectionOperator.java:156) ~[httpclient-4.5.14.jar:4.5.14]
	at org.apache.http.impl.conn.PoolingHttpClientConnectionManager.connect(PoolingHttpClientConnectionManager.java:376) ~[httpclient-4.5.14.jar:4.5.14]
	at org.apache.http.impl.execchain.MainClientExec.establishRoute(MainClientExec.java:393) ~[httpclient-4.5.14.jar:4.5.14]
	at org.apache.http.impl.execchain.MainClientExec.execute(MainClientExec.java:236) ~[httpclient-4.5.14.jar:4.5.14]
	at org.apache.http.impl.execchain.ProtocolExec.execute(ProtocolExec.java:186) ~[httpclient-4.5.14.jar:4.5.14]
	at org.apache.http.impl.execchain.RetryExec.execute(RetryExec.java:89) ~[httpclient-4.5.14.jar:4.5.14]
	at org.apache.http.impl.execchain.RedirectExec.execute(RedirectExec.java:110) ~[httpclient-4.5.14.jar:4.5.14]
	at org.apache.http.impl.client.InternalHttpClient.doExecute(InternalHttpClient.java:185) ~[httpclient-4.5.14.jar:4.5.14]
	at org.apache.http.impl.client.CloseableHttpClient.execute(CloseableHttpClient.java:83) ~[httpclient-4.5.14.jar:4.5.14]
	at org.telegram.telegrambots.updatesreceivers.DefaultBotSession$ReaderThread.getUpdatesFromServer(DefaultBotSession.java:249) ~[telegrambots-6.9.7.1.jar:na]
	at org.telegram.telegrambots.updatesreceivers.DefaultBotSession$ReaderThread.run(DefaultBotSession.java:188) ~[telegrambots-6.9.7.1.jar:na]
Caused by: java.net.ConnectException: Connection timed out: no further information
	at java.base/sun.nio.ch.Net.pollConnect(Native Method) ~[na:na]
	at java.base/sun.nio.ch.Net.pollConnectNow(Net.java:672) ~[na:na]
	at java.base/sun.nio.ch.NioSocketImpl.timedFinishConnect(NioSocketImpl.java:554) ~[na:na]
	at java.base/sun.nio.ch.NioSocketImpl.connect(NioSocketImpl.java:602) ~[na:na]
	at java.base/java.net.SocksSocketImpl.connect(SocksSocketImpl.java:327) ~[na:na]
	at java.base/java.net.Socket.connect(Socket.java:633) ~[na:na]
	at org.apache.http.conn.ssl.SSLConnectionSocketFactory.connectSocket(SSLConnectionSocketFactory.java:368) ~[httpclient-4.5.14.jar:4.5.14]
	at org.apache.http.impl.conn.DefaultHttpClientConnectionOperator.connect(DefaultHttpClientConnectionOperator.java:142) ~[httpclient-4.5.14.jar:4.5.14]
	... 10 common frames omitted

2026-07-09T10:40:49.397+05:00 ERROR 61792 --- [channelpulse] [gram Connection] o.t.t.u.DefaultBotSession                : Connect to api.telegram.org:443 [api.telegram.org/149.154.166.110] failed: Connection timed out: no further information

org.apache.http.conn.HttpHostConnectException: Connect to api.telegram.org:443 [api.telegram.org/149.154.166.110] failed: Connection timed out: no further information
	at org.apache.http.impl.conn.DefaultHttpClientConnectionOperator.connect(DefaultHttpClientConnectionOperator.java:156) ~[httpclient-4.5.14.jar:4.5.14]
	at org.apache.http.impl.conn.PoolingHttpClientConnectionManager.connect(PoolingHttpClientConnectionManager.java:376) ~[httpclient-4.5.14.jar:4.5.14]
	at org.apache.http.impl.execchain.MainClientExec.establishRoute(MainClientExec.java:393) ~[httpclient-4.5.14.jar:4.5.14]
	at org.apache.http.impl.execchain.MainClientExec.execute(MainClientExec.java:236) ~[httpclient-4.5.14.jar:4.5.14]
	at org.apache.http.impl.execchain.ProtocolExec.execute(ProtocolExec.java:186) ~[httpclient-4.5.14.jar:4.5.14]
	at org.apache.http.impl.execchain.RetryExec.execute(RetryExec.java:89) ~[httpclient-4.5.14.jar:4.5.14]
	at org.apache.http.impl.execchain.RedirectExec.execute(RedirectExec.java:110) ~[httpclient-4.5.14.jar:4.5.14]
	at org.apache.http.impl.client.InternalHttpClient.doExecute(InternalHttpClient.java:185) ~[httpclient-4.5.14.jar:4.5.14]
	at org.apache.http.impl.client.CloseableHttpClient.execute(CloseableHttpClient.java:83) ~[httpclient-4.5.14.jar:4.5.14]
	at org.telegram.telegrambots.updatesreceivers.DefaultBotSession$ReaderThread.getUpdatesFromServer(DefaultBotSession.java:249) ~[telegrambots-6.9.7.1.jar:na]
	at org.telegram.telegrambots.updatesreceivers.DefaultBotSession$ReaderThread.run(DefaultBotSession.java:188) ~[telegrambots-6.9.7.1.jar:na]
Caused by: java.net.ConnectException: Connection timed out: no further information
	at java.base/sun.nio.ch.Net.pollConnect(Native Method) ~[na:na]
	at java.base/sun.nio.ch.Net.pollConnectNow(Net.java:672) ~[na:na]
	at java.base/sun.nio.ch.NioSocketImpl.timedFinishConnect(NioSocketImpl.java:554) ~[na:na]
	at java.base/sun.nio.ch.NioSocketImpl.connect(NioSocketImpl.java:602) ~[na:na]
	at java.base/java.net.SocksSocketImpl.connect(SocksSocketImpl.java:327) ~[na:na]
	at java.base/java.net.Socket.connect(Socket.java:633) ~[na:na]
	at org.apache.http.conn.ssl.SSLConnectionSocketFactory.connectSocket(SSLConnectionSocketFactory.java:368) ~[httpclient-4.5.14.jar:4.5.14]
	at org.apache.http.impl.conn.DefaultHttpClientConnectionOperator.connect(DefaultHttpClientConnectionOperator.java:142) ~[httpclient-4.5.14.jar:4.5.14]
	... 10 common frames omitted

2026-07-09T10:41:10.933+05:00 ERROR 61792 --- [channelpulse] [gram Connection] o.t.t.u.DefaultBotSession                : Connect to api.telegram.org:443 [api.telegram.org/149.154.166.110] failed: Connection timed out: no further information

org.apache.http.conn.HttpHostConnectException: Connect to api.telegram.org:443 [api.telegram.org/149.154.166.110] failed: Connection timed out: no further information
	at org.apache.http.impl.conn.DefaultHttpClientConnectionOperator.connect(DefaultHttpClientConnectionOperator.java:156) ~[httpclient-4.5.14.jar:4.5.14]
	at org.apache.http.impl.conn.PoolingHttpClientConnectionManager.connect(PoolingHttpClientConnectionManager.java:376) ~[httpclient-4.5.14.jar:4.5.14]
	at org.apache.http.impl.execchain.MainClientExec.establishRoute(MainClientExec.java:393) ~[httpclient-4.5.14.jar:4.5.14]
	at org.apache.http.impl.execchain.MainClientExec.execute(MainClientExec.java:236) ~[httpclient-4.5.14.jar:4.5.14]
	at org.apache.http.impl.execchain.ProtocolExec.execute(ProtocolExec.java:186) ~[httpclient-4.5.14.jar:4.5.14]
	at org.apache.http.impl.execchain.RetryExec.execute(RetryExec.java:89) ~[httpclient-4.5.14.jar:4.5.14]
	at org.apache.http.impl.execchain.RedirectExec.execute(RedirectExec.java:110) ~[httpclient-4.5.14.jar:4.5.14]
	at org.apache.http.impl.client.InternalHttpClient.doExecute(InternalHttpClient.java:185) ~[httpclient-4.5.14.jar:4.5.14]
	at org.apache.http.impl.client.CloseableHttpClient.execute(CloseableHttpClient.java:83) ~[httpclient-4.5.14.jar:4.5.14]
	at org.telegram.telegrambots.updatesreceivers.DefaultBotSession$ReaderThread.getUpdatesFromServer(DefaultBotSession.java:249) ~[telegrambots-6.9.7.1.jar:na]
	at org.telegram.telegrambots.updatesreceivers.DefaultBotSession$ReaderThread.run(DefaultBotSession.java:188) ~[telegrambots-6.9.7.1.jar:na]
Caused by: java.net.ConnectException: Connection timed out: no further information
	at java.base/sun.nio.ch.Net.pollConnect(Native Method) ~[na:na]
	at java.base/sun.nio.ch.Net.pollConnectNow(Net.java:672) ~[na:na]
	at java.base/sun.nio.ch.NioSocketImpl.timedFinishConnect(NioSocketImpl.java:554) ~[na:na]
	at java.base/sun.nio.ch.NioSocketImpl.connect(NioSocketImpl.java:602) ~[na:na]
	at java.base/java.net.SocksSocketImpl.connect(SocksSocketImpl.java:327) ~[na:na]
	at java.base/java.net.Socket.connect(Socket.java:633) ~[na:na]
	at org.apache.http.conn.ssl.SSLConnectionSocketFactory.connectSocket(SSLConnectionSocketFactory.java:368) ~[httpclient-4.5.14.jar:4.5.14]
	at org.apache.http.impl.conn.DefaultHttpClientConnectionOperator.connect(DefaultHttpClientConnectionOperator.java:142) ~[httpclient-4.5.14.jar:4.5.14]
	... 10 common frames omitted

2026-07-09T10:41:32.491+05:00 ERROR 61792 --- [channelpulse] [gram Connection] o.t.t.u.DefaultBotSession                : Connect to api.telegram.org:443 [api.telegram.org/149.154.166.110] failed: Connection timed out: no further information

org.apache.http.conn.HttpHostConnectException: Connect to api.telegram.org:443 [api.telegram.org/149.154.166.110] failed: Connection timed out: no further information
	at org.apache.http.impl.conn.DefaultHttpClientConnectionOperator.connect(DefaultHttpClientConnectionOperator.java:156) ~[httpclient-4.5.14.jar:4.5.14]
	at org.apache.http.impl.conn.PoolingHttpClientConnectionManager.connect(PoolingHttpClientConnectionManager.java:376) ~[httpclient-4.5.14.jar:4.5.14]
	at org.apache.http.impl.execchain.MainClientExec.establishRoute(MainClientExec.java:393) ~[httpclient-4.5.14.jar:4.5.14]
	at org.apache.http.impl.execchain.MainClientExec.execute(MainClientExec.java:236) ~[httpclient-4.5.14.jar:4.5.14]
	at org.apache.http.impl.execchain.ProtocolExec.execute(ProtocolExec.java:186) ~[httpclient-4.5.14.jar:4.5.14]
	at org.apache.http.impl.execchain.RetryExec.execute(RetryExec.java:89) ~[httpclient-4.5.14.jar:4.5.14]
	at org.apache.http.impl.execchain.RedirectExec.execute(RedirectExec.java:110) ~[httpclient-4.5.14.jar:4.5.14]
	at org.apache.http.impl.client.InternalHttpClient.doExecute(InternalHttpClient.java:185) ~[httpclient-4.5.14.jar:4.5.14]
	at org.apache.http.impl.client.CloseableHttpClient.execute(CloseableHttpClient.java:83) ~[httpclient-4.5.14.jar:4.5.14]
	at org.telegram.telegrambots.updatesreceivers.DefaultBotSession$ReaderThread.getUpdatesFromServer(DefaultBotSession.java:249) ~[telegrambots-6.9.7.1.jar:na]
	at org.telegram.telegrambots.updatesreceivers.DefaultBotSession$ReaderThread.run(DefaultBotSession.java:188) ~[telegrambots-6.9.7.1.jar:na]
Caused by: java.net.ConnectException: Connection timed out: no further information
	at java.base/sun.nio.ch.Net.pollConnect(Native Method) ~[na:na]
	at java.base/sun.nio.ch.Net.pollConnectNow(Net.java:672) ~[na:na]
	at java.base/sun.nio.ch.NioSocketImpl.timedFinishConnect(NioSocketImpl.java:554) ~[na:na]
	at java.base/sun.nio.ch.NioSocketImpl.connect(NioSocketImpl.java:602) ~[na:na]
	at java.base/java.net.SocksSocketImpl.connect(SocksSocketImpl.java:327) ~[na:na]
	at java.base/java.net.Socket.connect(Socket.java:633) ~[na:na]
	at org.apache.http.conn.ssl.SSLConnectionSocketFactory.connectSocket(SSLConnectionSocketFactory.java:368) ~[httpclient-4.5.14.jar:4.5.14]
	at org.apache.http.impl.conn.DefaultHttpClientConnectionOperator.connect(DefaultHttpClientConnectionOperator.java:142) ~[httpclient-4.5.14.jar:4.5.14]
	... 10 common frames omitted

2026-07-09T10:41:54.028+05:00 ERROR 61792 --- [channelpulse] [gram Connection] o.t.t.u.DefaultBotSession                : Connect to api.telegram.org:443 [api.telegram.org/149.154.166.110] failed: Connection timed out: no further information

org.apache.http.conn.HttpHostConnectException: Connect to api.telegram.org:443 [api.telegram.org/149.154.166.110] failed: Connection timed out: no further information
	at org.apache.http.impl.conn.DefaultHttpClientConnectionOperator.connect(DefaultHttpClientConnectionOperator.java:156) ~[httpclient-4.5.14.jar:4.5.14]
	at org.apache.http.impl.conn.PoolingHttpClientConnectionManager.connect(PoolingHttpClientConnectionManager.java:376) ~[httpclient-4.5.14.jar:4.5.14]
	at org.apache.http.impl.execchain.MainClientExec.establishRoute(MainClientExec.java:393) ~[httpclient-4.5.14.jar:4.5.14]
	at org.apache.http.impl.execchain.MainClientExec.execute(MainClientExec.java:236) ~[httpclient-4.5.14.jar:4.5.14]
	at org.apache.http.impl.execchain.ProtocolExec.execute(ProtocolExec.java:186) ~[httpclient-4.5.14.jar:4.5.14]
	at org.apache.http.impl.execchain.RetryExec.execute(RetryExec.java:89) ~[httpclient-4.5.14.jar:4.5.14]
	at org.apache.http.impl.execchain.RedirectExec.execute(RedirectExec.java:110) ~[httpclient-4.5.14.jar:4.5.14]
	at org.apache.http.impl.client.InternalHttpClient.doExecute(InternalHttpClient.java:185) ~[httpclient-4.5.14.jar:4.5.14]
	at org.apache.http.impl.client.CloseableHttpClient.execute(CloseableHttpClient.java:83) ~[httpclient-4.5.14.jar:4.5.14]
	at org.telegram.telegrambots.updatesreceivers.DefaultBotSession$ReaderThread.getUpdatesFromServer(DefaultBotSession.java:249) ~[telegrambots-6.9.7.1.jar:na]
	at org.telegram.telegrambots.updatesreceivers.DefaultBotSession$ReaderThread.run(DefaultBotSession.java:188) ~[telegrambots-6.9.7.1.jar:na]
Caused by: java.net.ConnectException: Connection timed out: no further information
	at java.base/sun.nio.ch.Net.pollConnect(Native Method) ~[na:na]
	at java.base/sun.nio.ch.Net.pollConnectNow(Net.java:672) ~[na:na]
	at java.base/sun.nio.ch.NioSocketImpl.timedFinishConnect(NioSocketImpl.java:554) ~[na:na]
	at java.base/sun.nio.ch.NioSocketImpl.connect(NioSocketImpl.java:602) ~[na:na]
	at java.base/java.net.SocksSocketImpl.connect(SocksSocketImpl.java:327) ~[na:na]
	at java.base/java.net.Socket.connect(Socket.java:633) ~[na:na]
	at org.apache.http.conn.ssl.SSLConnectionSocketFactory.connectSocket(SSLConnectionSocketFactory.java:368) ~[httpclient-4.5.14.jar:4.5.14]
	at org.apache.http.impl.conn.DefaultHttpClientConnectionOperator.connect(DefaultHttpClientConnectionOperator.java:142) ~[httpclient-4.5.14.jar:4.5.14]
	... 10 common frames omitted

2026-07-09T10:42:15.559+05:00 ERROR 61792 --- [channelpulse] [gram Connection] o.t.t.u.DefaultBotSession                : Connect to api.telegram.org:443 [api.telegram.org/149.154.166.110] failed: Connection timed out: no further information

org.apache.http.conn.HttpHostConnectException: Connect to api.telegram.org:443 [api.telegram.org/149.154.166.110] failed: Connection timed out: no further information
	at org.apache.http.impl.conn.DefaultHttpClientConnectionOperator.connect(DefaultHttpClientConnectionOperator.java:156) ~[httpclient-4.5.14.jar:4.5.14]
	at org.apache.http.impl.conn.PoolingHttpClientConnectionManager.connect(PoolingHttpClientConnectionManager.java:376) ~[httpclient-4.5.14.jar:4.5.14]
	at org.apache.http.impl.execchain.MainClientExec.establishRoute(MainClientExec.java:393) ~[httpclient-4.5.14.jar:4.5.14]
	at org.apache.http.impl.execchain.MainClientExec.execute(MainClientExec.java:236) ~[httpclient-4.5.14.jar:4.5.14]
	at org.apache.http.impl.execchain.ProtocolExec.execute(ProtocolExec.java:186) ~[httpclient-4.5.14.jar:4.5.14]
	at org.apache.http.impl.execchain.RetryExec.execute(RetryExec.java:89) ~[httpclient-4.5.14.jar:4.5.14]
	at org.apache.http.impl.execchain.RedirectExec.execute(RedirectExec.java:110) ~[httpclient-4.5.14.jar:4.5.14]
	at org.apache.http.impl.client.InternalHttpClient.doExecute(InternalHttpClient.java:185) ~[httpclient-4.5.14.jar:4.5.14]
	at org.apache.http.impl.client.CloseableHttpClient.execute(CloseableHttpClient.java:83) ~[httpclient-4.5.14.jar:4.5.14]
	at org.telegram.telegrambots.updatesreceivers.DefaultBotSession$ReaderThread.getUpdatesFromServer(DefaultBotSession.java:249) ~[telegrambots-6.9.7.1.jar:na]
	at org.telegram.telegrambots.updatesreceivers.DefaultBotSession$ReaderThread.run(DefaultBotSession.java:188) ~[telegrambots-6.9.7.1.jar:na]
Caused by: java.net.ConnectException: Connection timed out: no further information
	at java.base/sun.nio.ch.Net.pollConnect(Native Method) ~[na:na]
	at java.base/sun.nio.ch.Net.pollConnectNow(Net.java:672) ~[na:na]
	at java.base/sun.nio.ch.NioSocketImpl.timedFinishConnect(NioSocketImpl.java:554) ~[na:na]
	at java.base/sun.nio.ch.NioSocketImpl.connect(NioSocketImpl.java:602) ~[na:na]
	at java.base/java.net.SocksSocketImpl.connect(SocksSocketImpl.java:327) ~[na:na]
	at java.base/java.net.Socket.connect(Socket.java:633) ~[na:na]
	at org.apache.http.conn.ssl.SSLConnectionSocketFactory.connectSocket(SSLConnectionSocketFactory.java:368) ~[httpclient-4.5.14.jar:4.5.14]
	at org.apache.http.impl.conn.DefaultHttpClientConnectionOperator.connect(DefaultHttpClientConnectionOperator.java:142) ~[httpclient-4.5.14.jar:4.5.14]
	... 10 common frames omitted

2026-07-09T10:42:37.109+05:00 ERROR 61792 --- [channelpulse] [gram Connection] o.t.t.u.DefaultBotSession                : Connect to api.telegram.org:443 [api.telegram.org/149.154.166.110] failed: Connection timed out: no further information

org.apache.http.conn.HttpHostConnectException: Connect to api.telegram.org:443 [api.telegram.org/149.154.166.110] failed: Connection timed out: no further information
	at org.apache.http.impl.conn.DefaultHttpClientConnectionOperator.connect(DefaultHttpClientConnectionOperator.java:156) ~[httpclient-4.5.14.jar:4.5.14]
	at org.apache.http.impl.conn.PoolingHttpClientConnectionManager.connect(PoolingHttpClientConnectionManager.java:376) ~[httpclient-4.5.14.jar:4.5.14]
	at org.apache.http.impl.execchain.MainClientExec.establishRoute(MainClientExec.java:393) ~[httpclient-4.5.14.jar:4.5.14]
	at org.apache.http.impl.execchain.MainClientExec.execute(MainClientExec.java:236) ~[httpclient-4.5.14.jar:4.5.14]
	at org.apache.http.impl.execchain.ProtocolExec.execute(ProtocolExec.java:186) ~[httpclient-4.5.14.jar:4.5.14]
	at org.apache.http.impl.execchain.RetryExec.execute(RetryExec.java:89) ~[httpclient-4.5.14.jar:4.5.14]
	at org.apache.http.impl.execchain.RedirectExec.execute(RedirectExec.java:110) ~[httpclient-4.5.14.jar:4.5.14]
	at org.apache.http.impl.client.InternalHttpClient.doExecute(InternalHttpClient.java:185) ~[httpclient-4.5.14.jar:4.5.14]
	at org.apache.http.impl.client.CloseableHttpClient.execute(CloseableHttpClient.java:83) ~[httpclient-4.5.14.jar:4.5.14]
	at org.telegram.telegrambots.updatesreceivers.DefaultBotSession$ReaderThread.getUpdatesFromServer(DefaultBotSession.java:249) ~[telegrambots-6.9.7.1.jar:na]
	at org.telegram.telegrambots.updatesreceivers.DefaultBotSession$ReaderThread.run(DefaultBotSession.java:188) ~[telegrambots-6.9.7.1.jar:na]
Caused by: java.net.ConnectException: Connection timed out: no further information
	at java.base/sun.nio.ch.Net.pollConnect(Native Method) ~[na:na]
	at java.base/sun.nio.ch.Net.pollConnectNow(Net.java:672) ~[na:na]
	at java.base/sun.nio.ch.NioSocketImpl.timedFinishConnect(NioSocketImpl.java:554) ~[na:na]
	at java.base/sun.nio.ch.NioSocketImpl.connect(NioSocketImpl.java:602) ~[na:na]
	at java.base/java.net.SocksSocketImpl.connect(SocksSocketImpl.java:327) ~[na:na]
	at java.base/java.net.Socket.connect(Socket.java:633) ~[na:na]
	at org.apache.http.conn.ssl.SSLConnectionSocketFactory.connectSocket(SSLConnectionSocketFactory.java:368) ~[httpclient-4.5.14.jar:4.5.14]
	at org.apache.http.impl.conn.DefaultHttpClientConnectionOperator.connect(DefaultHttpClientConnectionOperator.java:142) ~[httpclient-4.5.14.jar:4.5.14]
	... 10 common frames omitted

2026-07-09T10:42:58.704+05:00 ERROR 61792 --- [channelpulse] [gram Connection] o.t.t.u.DefaultBotSession                : Connect to api.telegram.org:443 [api.telegram.org/149.154.166.110] failed: Connection timed out: no further information

org.apache.http.conn.HttpHostConnectException: Connect to api.telegram.org:443 [api.telegram.org/149.154.166.110] failed: Connection timed out: no further information
	at org.apache.http.impl.conn.DefaultHttpClientConnectionOperator.connect(DefaultHttpClientConnectionOperator.java:156) ~[httpclient-4.5.14.jar:4.5.14]
	at org.apache.http.impl.conn.PoolingHttpClientConnectionManager.connect(PoolingHttpClientConnectionManager.java:376) ~[httpclient-4.5.14.jar:4.5.14]
	at org.apache.http.impl.execchain.MainClientExec.establishRoute(MainClientExec.java:393) ~[httpclient-4.5.14.jar:4.5.14]
	at org.apache.http.impl.execchain.MainClientExec.execute(MainClientExec.java:236) ~[httpclient-4.5.14.jar:4.5.14]
	at org.apache.http.impl.execchain.ProtocolExec.execute(ProtocolExec.java:186) ~[httpclient-4.5.14.jar:4.5.14]
	at org.apache.http.impl.execchain.RetryExec.execute(RetryExec.java:89) ~[httpclient-4.5.14.jar:4.5.14]
	at org.apache.http.impl.execchain.RedirectExec.execute(RedirectExec.java:110) ~[httpclient-4.5.14.jar:4.5.14]
	at org.apache.http.impl.client.InternalHttpClient.doExecute(InternalHttpClient.java:185) ~[httpclient-4.5.14.jar:4.5.14]
	at org.apache.http.impl.client.CloseableHttpClient.execute(CloseableHttpClient.java:83) ~[httpclient-4.5.14.jar:4.5.14]
	at org.telegram.telegrambots.updatesreceivers.DefaultBotSession$ReaderThread.getUpdatesFromServer(DefaultBotSession.java:249) ~[telegrambots-6.9.7.1.jar:na]
	at org.telegram.telegrambots.updatesreceivers.DefaultBotSession$ReaderThread.run(DefaultBotSession.java:188) ~[telegrambots-6.9.7.1.jar:na]
Caused by: java.net.ConnectException: Connection timed out: no further information
	at java.base/sun.nio.ch.Net.pollConnect(Native Method) ~[na:na]
	at java.base/sun.nio.ch.Net.pollConnectNow(Net.java:672) ~[na:na]
	at java.base/sun.nio.ch.NioSocketImpl.timedFinishConnect(NioSocketImpl.java:554) ~[na:na]
	at java.base/sun.nio.ch.NioSocketImpl.connect(NioSocketImpl.java:602) ~[na:na]
	at java.base/java.net.SocksSocketImpl.connect(SocksSocketImpl.java:327) ~[na:na]
	at java.base/java.net.Socket.connect(Socket.java:633) ~[na:na]
	at org.apache.http.conn.ssl.SSLConnectionSocketFactory.connectSocket(SSLConnectionSocketFactory.java:368) ~[httpclient-4.5.14.jar:4.5.14]
	at org.apache.http.impl.conn.DefaultHttpClientConnectionOperator.connect(DefaultHttpClientConnectionOperator.java:142) ~[httpclient-4.5.14.jar:4.5.14]
	... 10 common frames omitted

2026-07-09T10:43:20.255+05:00 ERROR 61792 --- [channelpulse] [gram Connection] o.t.t.u.DefaultBotSession                : Connect to api.telegram.org:443 [api.telegram.org/149.154.166.110] failed: Connection timed out: no further information

org.apache.http.conn.HttpHostConnectException: Connect to api.telegram.org:443 [api.telegram.org/149.154.166.110] failed: Connection timed out: no further information
	at org.apache.http.impl.conn.DefaultHttpClientConnectionOperator.connect(DefaultHttpClientConnectionOperator.java:156) ~[httpclient-4.5.14.jar:4.5.14]
	at org.apache.http.impl.conn.PoolingHttpClientConnectionManager.connect(PoolingHttpClientConnectionManager.java:376) ~[httpclient-4.5.14.jar:4.5.14]
	at org.apache.http.impl.execchain.MainClientExec.establishRoute(MainClientExec.java:393) ~[httpclient-4.5.14.jar:4.5.14]
	at org.apache.http.impl.execchain.MainClientExec.execute(MainClientExec.java:236) ~[httpclient-4.5.14.jar:4.5.14]
	at org.apache.http.impl.execchain.ProtocolExec.execute(ProtocolExec.java:186) ~[httpclient-4.5.14.jar:4.5.14]
	at org.apache.http.impl.execchain.RetryExec.execute(RetryExec.java:89) ~[httpclient-4.5.14.jar:4.5.14]
	at org.apache.http.impl.execchain.RedirectExec.execute(RedirectExec.java:110) ~[httpclient-4.5.14.jar:4.5.14]
	at org.apache.http.impl.client.InternalHttpClient.doExecute(InternalHttpClient.java:185) ~[httpclient-4.5.14.jar:4.5.14]
	at org.apache.http.impl.client.CloseableHttpClient.execute(CloseableHttpClient.java:83) ~[httpclient-4.5.14.jar:4.5.14]
	at org.telegram.telegrambots.updatesreceivers.DefaultBotSession$ReaderThread.getUpdatesFromServer(DefaultBotSession.java:249) ~[telegrambots-6.9.7.1.jar:na]
	at org.telegram.telegrambots.updatesreceivers.DefaultBotSession$ReaderThread.run(DefaultBotSession.java:188) ~[telegrambots-6.9.7.1.jar:na]
Caused by: java.net.ConnectException: Connection timed out: no further information
	at java.base/sun.nio.ch.Net.pollConnect(Native Method) ~[na:na]
	at java.base/sun.nio.ch.Net.pollConnectNow(Net.java:672) ~[na:na]
	at java.base/sun.nio.ch.NioSocketImpl.timedFinishConnect(NioSocketImpl.java:554) ~[na:na]
	at java.base/sun.nio.ch.NioSocketImpl.connect(NioSocketImpl.java:602) ~[na:na]
	at java.base/java.net.SocksSocketImpl.connect(SocksSocketImpl.java:327) ~[na:na]
	at java.base/java.net.Socket.connect(Socket.java:633) ~[na:na]
	at org.apache.http.conn.ssl.SSLConnectionSocketFactory.connectSocket(SSLConnectionSocketFactory.java:368) ~[httpclient-4.5.14.jar:4.5.14]
	at org.apache.http.impl.conn.DefaultHttpClientConnectionOperator.connect(DefaultHttpClientConnectionOperator.java:142) ~[httpclient-4.5.14.jar:4.5.14]
	... 10 common frames omitted

2026-07-09T10:43:41.800+05:00 ERROR 61792 --- [channelpulse] [gram Connection] o.t.t.u.DefaultBotSession                : Connect to api.telegram.org:443 [api.telegram.org/149.154.166.110] failed: Connection timed out: no further information

org.apache.http.conn.HttpHostConnectException: Connect to api.telegram.org:443 [api.telegram.org/149.154.166.110] failed: Connection timed out: no further information
	at org.apache.http.impl.conn.DefaultHttpClientConnectionOperator.connect(DefaultHttpClientConnectionOperator.java:156) ~[httpclient-4.5.14.jar:4.5.14]
	at org.apache.http.impl.conn.PoolingHttpClientConnectionManager.connect(PoolingHttpClientConnectionManager.java:376) ~[httpclient-4.5.14.jar:4.5.14]
	at org.apache.http.impl.execchain.MainClientExec.establishRoute(MainClientExec.java:393) ~[httpclient-4.5.14.jar:4.5.14]
	at org.apache.http.impl.execchain.MainClientExec.execute(MainClientExec.java:236) ~[httpclient-4.5.14.jar:4.5.14]
	at org.apache.http.impl.execchain.ProtocolExec.execute(ProtocolExec.java:186) ~[httpclient-4.5.14.jar:4.5.14]
	at org.apache.http.impl.execchain.RetryExec.execute(RetryExec.java:89) ~[httpclient-4.5.14.jar:4.5.14]
	at org.apache.http.impl.execchain.RedirectExec.execute(RedirectExec.java:110) ~[httpclient-4.5.14.jar:4.5.14]
	at org.apache.http.impl.client.InternalHttpClient.doExecute(InternalHttpClient.java:185) ~[httpclient-4.5.14.jar:4.5.14]
	at org.apache.http.impl.client.CloseableHttpClient.execute(CloseableHttpClient.java:83) ~[httpclient-4.5.14.jar:4.5.14]
	at org.telegram.telegrambots.updatesreceivers.DefaultBotSession$ReaderThread.getUpdatesFromServer(DefaultBotSession.java:249) ~[telegrambots-6.9.7.1.jar:na]
	at org.telegram.telegrambots.updatesreceivers.DefaultBotSession$ReaderThread.run(DefaultBotSession.java:188) ~[telegrambots-6.9.7.1.jar:na]
Caused by: java.net.ConnectException: Connection timed out: no further information
	at java.base/sun.nio.ch.Net.pollConnect(Native Method) ~[na:na]
	at java.base/sun.nio.ch.Net.pollConnectNow(Net.java:672) ~[na:na]
	at java.base/sun.nio.ch.NioSocketImpl.timedFinishConnect(NioSocketImpl.java:554) ~[na:na]
	at java.base/sun.nio.ch.NioSocketImpl.connect(NioSocketImpl.java:602) ~[na:na]
	at java.base/java.net.SocksSocketImpl.connect(SocksSocketImpl.java:327) ~[na:na]
	at java.base/java.net.Socket.connect(Socket.java:633) ~[na:na]
	at org.apache.http.conn.ssl.SSLConnectionSocketFactory.connectSocket(SSLConnectionSocketFactory.java:368) ~[httpclient-4.5.14.jar:4.5.14]
	at org.apache.http.impl.conn.DefaultHttpClientConnectionOperator.connect(DefaultHttpClientConnectionOperator.java:142) ~[httpclient-4.5.14.jar:4.5.14]
	... 10 common frames omitted

2026-07-09T10:44:03.359+05:00 ERROR 61792 --- [channelpulse] [gram Connection] o.t.t.u.DefaultBotSession                : Connect to api.telegram.org:443 [api.telegram.org/149.154.166.110] failed: Connection timed out: no further information

org.apache.http.conn.HttpHostConnectException: Connect to api.telegram.org:443 [api.telegram.org/149.154.166.110] failed: Connection timed out: no further information
	at org.apache.http.impl.conn.DefaultHttpClientConnectionOperator.connect(DefaultHttpClientConnectionOperator.java:156) ~[httpclient-4.5.14.jar:4.5.14]
	at org.apache.http.impl.conn.PoolingHttpClientConnectionManager.connect(PoolingHttpClientConnectionManager.java:376) ~[httpclient-4.5.14.jar:4.5.14]
	at org.apache.http.impl.execchain.MainClientExec.establishRoute(MainClientExec.java:393) ~[httpclient-4.5.14.jar:4.5.14]
	at org.apache.http.impl.execchain.MainClientExec.execute(MainClientExec.java:236) ~[httpclient-4.5.14.jar:4.5.14]
	at org.apache.http.impl.execchain.ProtocolExec.execute(ProtocolExec.java:186) ~[httpclient-4.5.14.jar:4.5.14]
	at org.apache.http.impl.execchain.RetryExec.execute(RetryExec.java:89) ~[httpclient-4.5.14.jar:4.5.14]
	at org.apache.http.impl.execchain.RedirectExec.execute(RedirectExec.java:110) ~[httpclient-4.5.14.jar:4.5.14]
	at org.apache.http.impl.client.InternalHttpClient.doExecute(InternalHttpClient.java:185) ~[httpclient-4.5.14.jar:4.5.14]
	at org.apache.http.impl.client.CloseableHttpClient.execute(CloseableHttpClient.java:83) ~[httpclient-4.5.14.jar:4.5.14]
	at org.telegram.telegrambots.updatesreceivers.DefaultBotSession$ReaderThread.getUpdatesFromServer(DefaultBotSession.java:249) ~[telegrambots-6.9.7.1.jar:na]
	at org.telegram.telegrambots.updatesreceivers.DefaultBotSession$ReaderThread.run(DefaultBotSession.java:188) ~[telegrambots-6.9.7.1.jar:na]
Caused by: java.net.ConnectException: Connection timed out: no further information
	at java.base/sun.nio.ch.Net.pollConnect(Native Method) ~[na:na]
	at java.base/sun.nio.ch.Net.pollConnectNow(Net.java:672) ~[na:na]
	at java.base/sun.nio.ch.NioSocketImpl.timedFinishConnect(NioSocketImpl.java:554) ~[na:na]
	at java.base/sun.nio.ch.NioSocketImpl.connect(NioSocketImpl.java:602) ~[na:na]
	at java.base/java.net.SocksSocketImpl.connect(SocksSocketImpl.java:327) ~[na:na]
	at java.base/java.net.Socket.connect(Socket.java:633) ~[na:na]
	at org.apache.http.conn.ssl.SSLConnectionSocketFactory.connectSocket(SSLConnectionSocketFactory.java:368) ~[httpclient-4.5.14.jar:4.5.14]
	at org.apache.http.impl.conn.DefaultHttpClientConnectionOperator.connect(DefaultHttpClientConnectionOperator.java:142) ~[httpclient-4.5.14.jar:4.5.14]
	... 10 common frames omitted

2026-07-09T10:44:24.908+05:00 ERROR 61792 --- [channelpulse] [gram Connection] o.t.t.u.DefaultBotSession                : Connect to api.telegram.org:443 [api.telegram.org/149.154.166.110] failed: Connection timed out: no further information

org.apache.http.conn.HttpHostConnectException: Connect to api.telegram.org:443 [api.telegram.org/149.154.166.110] failed: Connection timed out: no further information
	at org.apache.http.impl.conn.DefaultHttpClientConnectionOperator.connect(DefaultHttpClientConnectionOperator.java:156) ~[httpclient-4.5.14.jar:4.5.14]
	at org.apache.http.impl.conn.PoolingHttpClientConnectionManager.connect(PoolingHttpClientConnectionManager.java:376) ~[httpclient-4.5.14.jar:4.5.14]
	at org.apache.http.impl.execchain.MainClientExec.establishRoute(MainClientExec.java:393) ~[httpclient-4.5.14.jar:4.5.14]
	at org.apache.http.impl.execchain.MainClientExec.execute(MainClientExec.java:236) ~[httpclient-4.5.14.jar:4.5.14]
	at org.apache.http.impl.execchain.ProtocolExec.execute(ProtocolExec.java:186) ~[httpclient-4.5.14.jar:4.5.14]
	at org.apache.http.impl.execchain.RetryExec.execute(RetryExec.java:89) ~[httpclient-4.5.14.jar:4.5.14]
	at org.apache.http.impl.execchain.RedirectExec.execute(RedirectExec.java:110) ~[httpclient-4.5.14.jar:4.5.14]
	at org.apache.http.impl.client.InternalHttpClient.doExecute(InternalHttpClient.java:185) ~[httpclient-4.5.14.jar:4.5.14]
	at org.apache.http.impl.client.CloseableHttpClient.execute(CloseableHttpClient.java:83) ~[httpclient-4.5.14.jar:4.5.14]
	at org.telegram.telegrambots.updatesreceivers.DefaultBotSession$ReaderThread.getUpdatesFromServer(DefaultBotSession.java:249) ~[telegrambots-6.9.7.1.jar:na]
	at org.telegram.telegrambots.updatesreceivers.DefaultBotSession$ReaderThread.run(DefaultBotSession.java:188) ~[telegrambots-6.9.7.1.jar:na]
Caused by: java.net.ConnectException: Connection timed out: no further information
	at java.base/sun.nio.ch.Net.pollConnect(Native Method) ~[na:na]
	at java.base/sun.nio.ch.Net.pollConnectNow(Net.java:672) ~[na:na]
	at java.base/sun.nio.ch.NioSocketImpl.timedFinishConnect(NioSocketImpl.java:554) ~[na:na]
	at java.base/sun.nio.ch.NioSocketImpl.connect(NioSocketImpl.java:602) ~[na:na]
	at java.base/java.net.SocksSocketImpl.connect(SocksSocketImpl.java:327) ~[na:na]
	at java.base/java.net.Socket.connect(Socket.java:633) ~[na:na]
	at org.apache.http.conn.ssl.SSLConnectionSocketFactory.connectSocket(SSLConnectionSocketFactory.java:368) ~[httpclient-4.5.14.jar:4.5.14]
	at org.apache.http.impl.conn.DefaultHttpClientConnectionOperator.connect(DefaultHttpClientConnectionOperator.java:142) ~[httpclient-4.5.14.jar:4.5.14]
	... 10 common frames omitted

2026-07-09T10:44:46.442+05:00 ERROR 61792 --- [channelpulse] [gram Connection] o.t.t.u.DefaultBotSession                : Connect to api.telegram.org:443 [api.telegram.org/149.154.166.110] failed: Connection timed out: no further information

org.apache.http.conn.HttpHostConnectException: Connect to api.telegram.org:443 [api.telegram.org/149.154.166.110] failed: Connection timed out: no further information
	at org.apache.http.impl.conn.DefaultHttpClientConnectionOperator.connect(DefaultHttpClientConnectionOperator.java:156) ~[httpclient-4.5.14.jar:4.5.14]
	at org.apache.http.impl.conn.PoolingHttpClientConnectionManager.connect(PoolingHttpClientConnectionManager.java:376) ~[httpclient-4.5.14.jar:4.5.14]
	at org.apache.http.impl.execchain.MainClientExec.establishRoute(MainClientExec.java:393) ~[httpclient-4.5.14.jar:4.5.14]
	at org.apache.http.impl.execchain.MainClientExec.execute(MainClientExec.java:236) ~[httpclient-4.5.14.jar:4.5.14]
	at org.apache.http.impl.execchain.ProtocolExec.execute(ProtocolExec.java:186) ~[httpclient-4.5.14.jar:4.5.14]
	at org.apache.http.impl.execchain.RetryExec.execute(RetryExec.java:89) ~[httpclient-4.5.14.jar:4.5.14]
	at org.apache.http.impl.execchain.RedirectExec.execute(RedirectExec.java:110) ~[httpclient-4.5.14.jar:4.5.14]
	at org.apache.http.impl.client.InternalHttpClient.doExecute(InternalHttpClient.java:185) ~[httpclient-4.5.14.jar:4.5.14]
	at org.apache.http.impl.client.CloseableHttpClient.execute(CloseableHttpClient.java:83) ~[httpclient-4.5.14.jar:4.5.14]
	at org.telegram.telegrambots.updatesreceivers.DefaultBotSession$ReaderThread.getUpdatesFromServer(DefaultBotSession.java:249) ~[telegrambots-6.9.7.1.jar:na]
	at org.telegram.telegrambots.updatesreceivers.DefaultBotSession$ReaderThread.run(DefaultBotSession.java:188) ~[telegrambots-6.9.7.1.jar:na]
Caused by: java.net.ConnectException: Connection timed out: no further information
	at java.base/sun.nio.ch.Net.pollConnect(Native Method) ~[na:na]
	at java.base/sun.nio.ch.Net.pollConnectNow(Net.java:672) ~[na:na]
	at java.base/sun.nio.ch.NioSocketImpl.timedFinishConnect(NioSocketImpl.java:554) ~[na:na]
	at java.base/sun.nio.ch.NioSocketImpl.connect(NioSocketImpl.java:602) ~[na:na]
	at java.base/java.net.SocksSocketImpl.connect(SocksSocketImpl.java:327) ~[na:na]
	at java.base/java.net.Socket.connect(Socket.java:633) ~[na:na]
	at org.apache.http.conn.ssl.SSLConnectionSocketFactory.connectSocket(SSLConnectionSocketFactory.java:368) ~[httpclient-4.5.14.jar:4.5.14]
	at org.apache.http.impl.conn.DefaultHttpClientConnectionOperator.connect(DefaultHttpClientConnectionOperator.java:142) ~[httpclient-4.5.14.jar:4.5.14]
	... 10 common frames omitted

2026-07-09T10:45:08.005+05:00 ERROR 61792 --- [channelpulse] [gram Connection] o.t.t.u.DefaultBotSession                : Connect to api.telegram.org:443 [api.telegram.org/149.154.166.110] failed: Connection timed out: no further information

org.apache.http.conn.HttpHostConnectException: Connect to api.telegram.org:443 [api.telegram.org/149.154.166.110] failed: Connection timed out: no further information
	at org.apache.http.impl.conn.DefaultHttpClientConnectionOperator.connect(DefaultHttpClientConnectionOperator.java:156) ~[httpclient-4.5.14.jar:4.5.14]
	at org.apache.http.impl.conn.PoolingHttpClientConnectionManager.connect(PoolingHttpClientConnectionManager.java:376) ~[httpclient-4.5.14.jar:4.5.14]
	at org.apache.http.impl.execchain.MainClientExec.establishRoute(MainClientExec.java:393) ~[httpclient-4.5.14.jar:4.5.14]
	at org.apache.http.impl.execchain.MainClientExec.execute(MainClientExec.java:236) ~[httpclient-4.5.14.jar:4.5.14]
	at org.apache.http.impl.execchain.ProtocolExec.execute(ProtocolExec.java:186) ~[httpclient-4.5.14.jar:4.5.14]
	at org.apache.http.impl.execchain.RetryExec.execute(RetryExec.java:89) ~[httpclient-4.5.14.jar:4.5.14]
	at org.apache.http.impl.execchain.RedirectExec.execute(RedirectExec.java:110) ~[httpclient-4.5.14.jar:4.5.14]
	at org.apache.http.impl.client.InternalHttpClient.doExecute(InternalHttpClient.java:185) ~[httpclient-4.5.14.jar:4.5.14]
	at org.apache.http.impl.client.CloseableHttpClient.execute(CloseableHttpClient.java:83) ~[httpclient-4.5.14.jar:4.5.14]
	at org.telegram.telegrambots.updatesreceivers.DefaultBotSession$ReaderThread.getUpdatesFromServer(DefaultBotSession.java:249) ~[telegrambots-6.9.7.1.jar:na]
	at org.telegram.telegrambots.updatesreceivers.DefaultBotSession$ReaderThread.run(DefaultBotSession.java:188) ~[telegrambots-6.9.7.1.jar:na]
Caused by: java.net.ConnectException: Connection timed out: no further information
	at java.base/sun.nio.ch.Net.pollConnect(Native Method) ~[na:na]
	at java.base/sun.nio.ch.Net.pollConnectNow(Net.java:672) ~[na:na]
	at java.base/sun.nio.ch.NioSocketImpl.timedFinishConnect(NioSocketImpl.java:554) ~[na:na]
	at java.base/sun.nio.ch.NioSocketImpl.connect(NioSocketImpl.java:602) ~[na:na]
	at java.base/java.net.SocksSocketImpl.connect(SocksSocketImpl.java:327) ~[na:na]
	at java.base/java.net.Socket.connect(Socket.java:633) ~[na:na]
	at org.apache.http.conn.ssl.SSLConnectionSocketFactory.connectSocket(SSLConnectionSocketFactory.java:368) ~[httpclient-4.5.14.jar:4.5.14]
	at org.apache.http.impl.conn.DefaultHttpClientConnectionOperator.connect(DefaultHttpClientConnectionOperator.java:142) ~[httpclient-4.5.14.jar:4.5.14]
	... 10 common frames omitted

2026-07-09T10:45:29.566+05:00 ERROR 61792 --- [channelpulse] [gram Connection] o.t.t.u.DefaultBotSession                : Connect to api.telegram.org:443 [api.telegram.org/149.154.166.110] failed: Connection timed out: no further information

org.apache.http.conn.HttpHostConnectException: Connect to api.telegram.org:443 [api.telegram.org/149.154.166.110] failed: Connection timed out: no further information
	at org.apache.http.impl.conn.DefaultHttpClientConnectionOperator.connect(DefaultHttpClientConnectionOperator.java:156) ~[httpclient-4.5.14.jar:4.5.14]
	at org.apache.http.impl.conn.PoolingHttpClientConnectionManager.connect(PoolingHttpClientConnectionManager.java:376) ~[httpclient-4.5.14.jar:4.5.14]
	at org.apache.http.impl.execchain.MainClientExec.establishRoute(MainClientExec.java:393) ~[httpclient-4.5.14.jar:4.5.14]
	at org.apache.http.impl.execchain.MainClientExec.execute(MainClientExec.java:236) ~[httpclient-4.5.14.jar:4.5.14]
	at org.apache.http.impl.execchain.ProtocolExec.execute(ProtocolExec.java:186) ~[httpclient-4.5.14.jar:4.5.14]
	at org.apache.http.impl.execchain.RetryExec.execute(RetryExec.java:89) ~[httpclient-4.5.14.jar:4.5.14]
	at org.apache.http.impl.execchain.RedirectExec.execute(RedirectExec.java:110) ~[httpclient-4.5.14.jar:4.5.14]
	at org.apache.http.impl.client.InternalHttpClient.doExecute(InternalHttpClient.java:185) ~[httpclient-4.5.14.jar:4.5.14]
	at org.apache.http.impl.client.CloseableHttpClient.execute(CloseableHttpClient.java:83) ~[httpclient-4.5.14.jar:4.5.14]
	at org.telegram.telegrambots.updatesreceivers.DefaultBotSession$ReaderThread.getUpdatesFromServer(DefaultBotSession.java:249) ~[telegrambots-6.9.7.1.jar:na]
	at org.telegram.telegrambots.updatesreceivers.DefaultBotSession$ReaderThread.run(DefaultBotSession.java:188) ~[telegrambots-6.9.7.1.jar:na]
Caused by: java.net.ConnectException: Connection timed out: no further information
	at java.base/sun.nio.ch.Net.pollConnect(Native Method) ~[na:na]
	at java.base/sun.nio.ch.Net.pollConnectNow(Net.java:672) ~[na:na]
	at java.base/sun.nio.ch.NioSocketImpl.timedFinishConnect(NioSocketImpl.java:554) ~[na:na]
	at java.base/sun.nio.ch.NioSocketImpl.connect(NioSocketImpl.java:602) ~[na:na]
	at java.base/java.net.SocksSocketImpl.connect(SocksSocketImpl.java:327) ~[na:na]
	at java.base/java.net.Socket.connect(Socket.java:633) ~[na:na]
	at org.apache.http.conn.ssl.SSLConnectionSocketFactory.connectSocket(SSLConnectionSocketFactory.java:368) ~[httpclient-4.5.14.jar:4.5.14]
	at org.apache.http.impl.conn.DefaultHttpClientConnectionOperator.connect(DefaultHttpClientConnectionOperator.java:142) ~[httpclient-4.5.14.jar:4.5.14]
	... 10 common frames omitted

2026-07-09T10:45:51.116+05:00 ERROR 61792 --- [channelpulse] [gram Connection] o.t.t.u.DefaultBotSession                : Connect to api.telegram.org:443 [api.telegram.org/149.154.166.110] failed: Connection timed out: no further information

org.apache.http.conn.HttpHostConnectException: Connect to api.telegram.org:443 [api.telegram.org/149.154.166.110] failed: Connection timed out: no further information
	at org.apache.http.impl.conn.DefaultHttpClientConnectionOperator.connect(DefaultHttpClientConnectionOperator.java:156) ~[httpclient-4.5.14.jar:4.5.14]
	at org.apache.http.impl.conn.PoolingHttpClientConnectionManager.connect(PoolingHttpClientConnectionManager.java:376) ~[httpclient-4.5.14.jar:4.5.14]
	at org.apache.http.impl.execchain.MainClientExec.establishRoute(MainClientExec.java:393) ~[httpclient-4.5.14.jar:4.5.14]
	at org.apache.http.impl.execchain.MainClientExec.execute(MainClientExec.java:236) ~[httpclient-4.5.14.jar:4.5.14]
	at org.apache.http.impl.execchain.ProtocolExec.execute(ProtocolExec.java:186) ~[httpclient-4.5.14.jar:4.5.14]
	at org.apache.http.impl.execchain.RetryExec.execute(RetryExec.java:89) ~[httpclient-4.5.14.jar:4.5.14]
	at org.apache.http.impl.execchain.RedirectExec.execute(RedirectExec.java:110) ~[httpclient-4.5.14.jar:4.5.14]
	at org.apache.http.impl.client.InternalHttpClient.doExecute(InternalHttpClient.java:185) ~[httpclient-4.5.14.jar:4.5.14]
	at org.apache.http.impl.client.CloseableHttpClient.execute(CloseableHttpClient.java:83) ~[httpclient-4.5.14.jar:4.5.14]
	at org.telegram.telegrambots.updatesreceivers.DefaultBotSession$ReaderThread.getUpdatesFromServer(DefaultBotSession.java:249) ~[telegrambots-6.9.7.1.jar:na]
	at org.telegram.telegrambots.updatesreceivers.DefaultBotSession$ReaderThread.run(DefaultBotSession.java:188) ~[telegrambots-6.9.7.1.jar:na]
Caused by: java.net.ConnectException: Connection timed out: no further information
	at java.base/sun.nio.ch.Net.pollConnect(Native Method) ~[na:na]
	at java.base/sun.nio.ch.Net.pollConnectNow(Net.java:672) ~[na:na]
	at java.base/sun.nio.ch.NioSocketImpl.timedFinishConnect(NioSocketImpl.java:554) ~[na:na]
	at java.base/sun.nio.ch.NioSocketImpl.connect(NioSocketImpl.java:602) ~[na:na]
	at java.base/java.net.SocksSocketImpl.connect(SocksSocketImpl.java:327) ~[na:na]
	at java.base/java.net.Socket.connect(Socket.java:633) ~[na:na]
	at org.apache.http.conn.ssl.SSLConnectionSocketFactory.connectSocket(SSLConnectionSocketFactory.java:368) ~[httpclient-4.5.14.jar:4.5.14]
	at org.apache.http.impl.conn.DefaultHttpClientConnectionOperator.connect(DefaultHttpClientConnectionOperator.java:142) ~[httpclient-4.5.14.jar:4.5.14]
	... 10 common frames omitted

2026-07-09T10:46:12.689+05:00 ERROR 61792 --- [channelpulse] [gram Connection] o.t.t.u.DefaultBotSession                : Connect to api.telegram.org:443 [api.telegram.org/149.154.166.110] failed: Connection timed out: no further information

org.apache.http.conn.HttpHostConnectException: Connect to api.telegram.org:443 [api.telegram.org/149.154.166.110] failed: Connection timed out: no further information
	at org.apache.http.impl.conn.DefaultHttpClientConnectionOperator.connect(DefaultHttpClientConnectionOperator.java:156) ~[httpclient-4.5.14.jar:4.5.14]
	at org.apache.http.impl.conn.PoolingHttpClientConnectionManager.connect(PoolingHttpClientConnectionManager.java:376) ~[httpclient-4.5.14.jar:4.5.14]
	at org.apache.http.impl.execchain.MainClientExec.establishRoute(MainClientExec.java:393) ~[httpclient-4.5.14.jar:4.5.14]
	at org.apache.http.impl.execchain.MainClientExec.execute(MainClientExec.java:236) ~[httpclient-4.5.14.jar:4.5.14]
	at org.apache.http.impl.execchain.ProtocolExec.execute(ProtocolExec.java:186) ~[httpclient-4.5.14.jar:4.5.14]
	at org.apache.http.impl.execchain.RetryExec.execute(RetryExec.java:89) ~[httpclient-4.5.14.jar:4.5.14]
	at org.apache.http.impl.execchain.RedirectExec.execute(RedirectExec.java:110) ~[httpclient-4.5.14.jar:4.5.14]
	at org.apache.http.impl.client.InternalHttpClient.doExecute(InternalHttpClient.java:185) ~[httpclient-4.5.14.jar:4.5.14]
	at org.apache.http.impl.client.CloseableHttpClient.execute(CloseableHttpClient.java:83) ~[httpclient-4.5.14.jar:4.5.14]
	at org.telegram.telegrambots.updatesreceivers.DefaultBotSession$ReaderThread.getUpdatesFromServer(DefaultBotSession.java:249) ~[telegrambots-6.9.7.1.jar:na]
	at org.telegram.telegrambots.updatesreceivers.DefaultBotSession$ReaderThread.run(DefaultBotSession.java:188) ~[telegrambots-6.9.7.1.jar:na]
Caused by: java.net.ConnectException: Connection timed out: no further information
	at java.base/sun.nio.ch.Net.pollConnect(Native Method) ~[na:na]
	at java.base/sun.nio.ch.Net.pollConnectNow(Net.java:672) ~[na:na]
	at java.base/sun.nio.ch.NioSocketImpl.timedFinishConnect(NioSocketImpl.java:554) ~[na:na]
	at java.base/sun.nio.ch.NioSocketImpl.connect(NioSocketImpl.java:602) ~[na:na]
	at java.base/java.net.SocksSocketImpl.connect(SocksSocketImpl.java:327) ~[na:na]
	at java.base/java.net.Socket.connect(Socket.java:633) ~[na:na]
	at org.apache.http.conn.ssl.SSLConnectionSocketFactory.connectSocket(SSLConnectionSocketFactory.java:368) ~[httpclient-4.5.14.jar:4.5.14]
	at org.apache.http.impl.conn.DefaultHttpClientConnectionOperator.connect(DefaultHttpClientConnectionOperator.java:142) ~[httpclient-4.5.14.jar:4.5.14]
	... 10 common frames omitted

2026-07-09T10:46:34.240+05:00 ERROR 61792 --- [channelpulse] [gram Connection] o.t.t.u.DefaultBotSession                : Connect to api.telegram.org:443 [api.telegram.org/149.154.166.110] failed: Connection timed out: no further information

org.apache.http.conn.HttpHostConnectException: Connect to api.telegram.org:443 [api.telegram.org/149.154.166.110] failed: Connection timed out: no further information
	at org.apache.http.impl.conn.DefaultHttpClientConnectionOperator.connect(DefaultHttpClientConnectionOperator.java:156) ~[httpclient-4.5.14.jar:4.5.14]
	at org.apache.http.impl.conn.PoolingHttpClientConnectionManager.connect(PoolingHttpClientConnectionManager.java:376) ~[httpclient-4.5.14.jar:4.5.14]
	at org.apache.http.impl.execchain.MainClientExec.establishRoute(MainClientExec.java:393) ~[httpclient-4.5.14.jar:4.5.14]
	at org.apache.http.impl.execchain.MainClientExec.execute(MainClientExec.java:236) ~[httpclient-4.5.14.jar:4.5.14]
	at org.apache.http.impl.execchain.ProtocolExec.execute(ProtocolExec.java:186) ~[httpclient-4.5.14.jar:4.5.14]
	at org.apache.http.impl.execchain.RetryExec.execute(RetryExec.java:89) ~[httpclient-4.5.14.jar:4.5.14]
	at org.apache.http.impl.execchain.RedirectExec.execute(RedirectExec.java:110) ~[httpclient-4.5.14.jar:4.5.14]
	at org.apache.http.impl.client.InternalHttpClient.doExecute(InternalHttpClient.java:185) ~[httpclient-4.5.14.jar:4.5.14]
	at org.apache.http.impl.client.CloseableHttpClient.execute(CloseableHttpClient.java:83) ~[httpclient-4.5.14.jar:4.5.14]
	at org.telegram.telegrambots.updatesreceivers.DefaultBotSession$ReaderThread.getUpdatesFromServer(DefaultBotSession.java:249) ~[telegrambots-6.9.7.1.jar:na]
	at org.telegram.telegrambots.updatesreceivers.DefaultBotSession$ReaderThread.run(DefaultBotSession.java:188) ~[telegrambots-6.9.7.1.jar:na]
Caused by: java.net.ConnectException: Connection timed out: no further information
	at java.base/sun.nio.ch.Net.pollConnect(Native Method) ~[na:na]
	at java.base/sun.nio.ch.Net.pollConnectNow(Net.java:672) ~[na:na]
	at java.base/sun.nio.ch.NioSocketImpl.timedFinishConnect(NioSocketImpl.java:554) ~[na:na]
	at java.base/sun.nio.ch.NioSocketImpl.connect(NioSocketImpl.java:602) ~[na:na]
	at java.base/java.net.SocksSocketImpl.connect(SocksSocketImpl.java:327) ~[na:na]
	at java.base/java.net.Socket.connect(Socket.java:633) ~[na:na]
	at org.apache.http.conn.ssl.SSLConnectionSocketFactory.connectSocket(SSLConnectionSocketFactory.java:368) ~[httpclient-4.5.14.jar:4.5.14]
	at org.apache.http.impl.conn.DefaultHttpClientConnectionOperator.connect(DefaultHttpClientConnectionOperator.java:142) ~[httpclient-4.5.14.jar:4.5.14]
	... 10 common frames omitted

2026-07-09T10:46:55.778+05:00 ERROR 61792 --- [channelpulse] [gram Connection] o.t.t.u.DefaultBotSession                : Connect to api.telegram.org:443 [api.telegram.org/149.154.166.110] failed: Connection timed out: no further information

org.apache.http.conn.HttpHostConnectException: Connect to api.telegram.org:443 [api.telegram.org/149.154.166.110] failed: Connection timed out: no further information
	at org.apache.http.impl.conn.DefaultHttpClientConnectionOperator.connect(DefaultHttpClientConnectionOperator.java:156) ~[httpclient-4.5.14.jar:4.5.14]
	at org.apache.http.impl.conn.PoolingHttpClientConnectionManager.connect(PoolingHttpClientConnectionManager.java:376) ~[httpclient-4.5.14.jar:4.5.14]
	at org.apache.http.impl.execchain.MainClientExec.establishRoute(MainClientExec.java:393) ~[httpclient-4.5.14.jar:4.5.14]
	at org.apache.http.impl.execchain.MainClientExec.execute(MainClientExec.java:236) ~[httpclient-4.5.14.jar:4.5.14]
	at org.apache.http.impl.execchain.ProtocolExec.execute(ProtocolExec.java:186) ~[httpclient-4.5.14.jar:4.5.14]
	at org.apache.http.impl.execchain.RetryExec.execute(RetryExec.java:89) ~[httpclient-4.5.14.jar:4.5.14]
	at org.apache.http.impl.execchain.RedirectExec.execute(RedirectExec.java:110) ~[httpclient-4.5.14.jar:4.5.14]
	at org.apache.http.impl.client.InternalHttpClient.doExecute(InternalHttpClient.java:185) ~[httpclient-4.5.14.jar:4.5.14]
	at org.apache.http.impl.client.CloseableHttpClient.execute(CloseableHttpClient.java:83) ~[httpclient-4.5.14.jar:4.5.14]
	at org.telegram.telegrambots.updatesreceivers.DefaultBotSession$ReaderThread.getUpdatesFromServer(DefaultBotSession.java:249) ~[telegrambots-6.9.7.1.jar:na]
	at org.telegram.telegrambots.updatesreceivers.DefaultBotSession$ReaderThread.run(DefaultBotSession.java:188) ~[telegrambots-6.9.7.1.jar:na]
Caused by: java.net.ConnectException: Connection timed out: no further information
	at java.base/sun.nio.ch.Net.pollConnect(Native Method) ~[na:na]
	at java.base/sun.nio.ch.Net.pollConnectNow(Net.java:672) ~[na:na]
	at java.base/sun.nio.ch.NioSocketImpl.timedFinishConnect(NioSocketImpl.java:554) ~[na:na]
	at java.base/sun.nio.ch.NioSocketImpl.connect(NioSocketImpl.java:602) ~[na:na]
	at java.base/java.net.SocksSocketImpl.connect(SocksSocketImpl.java:327) ~[na:na]
	at java.base/java.net.Socket.connect(Socket.java:633) ~[na:na]
	at org.apache.http.conn.ssl.SSLConnectionSocketFactory.connectSocket(SSLConnectionSocketFactory.java:368) ~[httpclient-4.5.14.jar:4.5.14]
	at org.apache.http.impl.conn.DefaultHttpClientConnectionOperator.connect(DefaultHttpClientConnectionOperator.java:142) ~[httpclient-4.5.14.jar:4.5.14]
	... 10 common frames omitted

2026-07-09T10:47:17.323+05:00 ERROR 61792 --- [channelpulse] [gram Connection] o.t.t.u.DefaultBotSession                : Connect to api.telegram.org:443 [api.telegram.org/149.154.166.110] failed: Connection timed out: no further information

org.apache.http.conn.HttpHostConnectException: Connect to api.telegram.org:443 [api.telegram.org/149.154.166.110] failed: Connection timed out: no further information
	at org.apache.http.impl.conn.DefaultHttpClientConnectionOperator.connect(DefaultHttpClientConnectionOperator.java:156) ~[httpclient-4.5.14.jar:4.5.14]
	at org.apache.http.impl.conn.PoolingHttpClientConnectionManager.connect(PoolingHttpClientConnectionManager.java:376) ~[httpclient-4.5.14.jar:4.5.14]
	at org.apache.http.impl.execchain.MainClientExec.establishRoute(MainClientExec.java:393) ~[httpclient-4.5.14.jar:4.5.14]
	at org.apache.http.impl.execchain.MainClientExec.execute(MainClientExec.java:236) ~[httpclient-4.5.14.jar:4.5.14]
	at org.apache.http.impl.execchain.ProtocolExec.execute(ProtocolExec.java:186) ~[httpclient-4.5.14.jar:4.5.14]
	at org.apache.http.impl.execchain.RetryExec.execute(RetryExec.java:89) ~[httpclient-4.5.14.jar:4.5.14]
	at org.apache.http.impl.execchain.RedirectExec.execute(RedirectExec.java:110) ~[httpclient-4.5.14.jar:4.5.14]
	at org.apache.http.impl.client.InternalHttpClient.doExecute(InternalHttpClient.java:185) ~[httpclient-4.5.14.jar:4.5.14]
	at org.apache.http.impl.client.CloseableHttpClient.execute(CloseableHttpClient.java:83) ~[httpclient-4.5.14.jar:4.5.14]
	at org.telegram.telegrambots.updatesreceivers.DefaultBotSession$ReaderThread.getUpdatesFromServer(DefaultBotSession.java:249) ~[telegrambots-6.9.7.1.jar:na]
	at org.telegram.telegrambots.updatesreceivers.DefaultBotSession$ReaderThread.run(DefaultBotSession.java:188) ~[telegrambots-6.9.7.1.jar:na]
Caused by: java.net.ConnectException: Connection timed out: no further information
	at java.base/sun.nio.ch.Net.pollConnect(Native Method) ~[na:na]
	at java.base/sun.nio.ch.Net.pollConnectNow(Net.java:672) ~[na:na]
	at java.base/sun.nio.ch.NioSocketImpl.timedFinishConnect(NioSocketImpl.java:554) ~[na:na]
	at java.base/sun.nio.ch.NioSocketImpl.connect(NioSocketImpl.java:602) ~[na:na]
	at java.base/java.net.SocksSocketImpl.connect(SocksSocketImpl.java:327) ~[na:na]
	at java.base/java.net.Socket.connect(Socket.java:633) ~[na:na]
	at org.apache.http.conn.ssl.SSLConnectionSocketFactory.connectSocket(SSLConnectionSocketFactory.java:368) ~[httpclient-4.5.14.jar:4.5.14]
	at org.apache.http.impl.conn.DefaultHttpClientConnectionOperator.connect(DefaultHttpClientConnectionOperator.java:142) ~[httpclient-4.5.14.jar:4.5.14]
	... 10 common frames omitted

2026-07-09T10:47:38.877+05:00 ERROR 61792 --- [channelpulse] [gram Connection] o.t.t.u.DefaultBotSession                : Connect to api.telegram.org:443 [api.telegram.org/149.154.166.110] failed: Connection timed out: no further information

org.apache.http.conn.HttpHostConnectException: Connect to api.telegram.org:443 [api.telegram.org/149.154.166.110] failed: Connection timed out: no further information
	at org.apache.http.impl.conn.DefaultHttpClientConnectionOperator.connect(DefaultHttpClientConnectionOperator.java:156) ~[httpclient-4.5.14.jar:4.5.14]
	at org.apache.http.impl.conn.PoolingHttpClientConnectionManager.connect(PoolingHttpClientConnectionManager.java:376) ~[httpclient-4.5.14.jar:4.5.14]
	at org.apache.http.impl.execchain.MainClientExec.establishRoute(MainClientExec.java:393) ~[httpclient-4.5.14.jar:4.5.14]
	at org.apache.http.impl.execchain.MainClientExec.execute(MainClientExec.java:236) ~[httpclient-4.5.14.jar:4.5.14]
	at org.apache.http.impl.execchain.ProtocolExec.execute(ProtocolExec.java:186) ~[httpclient-4.5.14.jar:4.5.14]
	at org.apache.http.impl.execchain.RetryExec.execute(RetryExec.java:89) ~[httpclient-4.5.14.jar:4.5.14]
	at org.apache.http.impl.execchain.RedirectExec.execute(RedirectExec.java:110) ~[httpclient-4.5.14.jar:4.5.14]
	at org.apache.http.impl.client.InternalHttpClient.doExecute(InternalHttpClient.java:185) ~[httpclient-4.5.14.jar:4.5.14]
	at org.apache.http.impl.client.CloseableHttpClient.execute(CloseableHttpClient.java:83) ~[httpclient-4.5.14.jar:4.5.14]
	at org.telegram.telegrambots.updatesreceivers.DefaultBotSession$ReaderThread.getUpdatesFromServer(DefaultBotSession.java:249) ~[telegrambots-6.9.7.1.jar:na]
	at org.telegram.telegrambots.updatesreceivers.DefaultBotSession$ReaderThread.run(DefaultBotSession.java:188) ~[telegrambots-6.9.7.1.jar:na]
Caused by: java.net.ConnectException: Connection timed out: no further information
	at java.base/sun.nio.ch.Net.pollConnect(Native Method) ~[na:na]
	at java.base/sun.nio.ch.Net.pollConnectNow(Net.java:672) ~[na:na]
	at java.base/sun.nio.ch.NioSocketImpl.timedFinishConnect(NioSocketImpl.java:554) ~[na:na]
	at java.base/sun.nio.ch.NioSocketImpl.connect(NioSocketImpl.java:602) ~[na:na]
	at java.base/java.net.SocksSocketImpl.connect(SocksSocketImpl.java:327) ~[na:na]
	at java.base/java.net.Socket.connect(Socket.java:633) ~[na:na]
	at org.apache.http.conn.ssl.SSLConnectionSocketFactory.connectSocket(SSLConnectionSocketFactory.java:368) ~[httpclient-4.5.14.jar:4.5.14]
	at org.apache.http.impl.conn.DefaultHttpClientConnectionOperator.connect(DefaultHttpClientConnectionOperator.java:142) ~[httpclient-4.5.14.jar:4.5.14]
	... 10 common frames omitted

2026-07-09T10:48:00.425+05:00 ERROR 61792 --- [channelpulse] [gram Connection] o.t.t.u.DefaultBotSession                : Connect to api.telegram.org:443 [api.telegram.org/149.154.166.110] failed: Connection timed out: no further information

org.apache.http.conn.HttpHostConnectException: Connect to api.telegram.org:443 [api.telegram.org/149.154.166.110] failed: Connection timed out: no further information
	at org.apache.http.impl.conn.DefaultHttpClientConnectionOperator.connect(DefaultHttpClientConnectionOperator.java:156) ~[httpclient-4.5.14.jar:4.5.14]
	at org.apache.http.impl.conn.PoolingHttpClientConnectionManager.connect(PoolingHttpClientConnectionManager.java:376) ~[httpclient-4.5.14.jar:4.5.14]
	at org.apache.http.impl.execchain.MainClientExec.establishRoute(MainClientExec.java:393) ~[httpclient-4.5.14.jar:4.5.14]
	at org.apache.http.impl.execchain.MainClientExec.execute(MainClientExec.java:236) ~[httpclient-4.5.14.jar:4.5.14]
	at org.apache.http.impl.execchain.ProtocolExec.execute(ProtocolExec.java:186) ~[httpclient-4.5.14.jar:4.5.14]
	at org.apache.http.impl.execchain.RetryExec.execute(RetryExec.java:89) ~[httpclient-4.5.14.jar:4.5.14]
	at org.apache.http.impl.execchain.RedirectExec.execute(RedirectExec.java:110) ~[httpclient-4.5.14.jar:4.5.14]
	at org.apache.http.impl.client.InternalHttpClient.doExecute(InternalHttpClient.java:185) ~[httpclient-4.5.14.jar:4.5.14]
	at org.apache.http.impl.client.CloseableHttpClient.execute(CloseableHttpClient.java:83) ~[httpclient-4.5.14.jar:4.5.14]
	at org.telegram.telegrambots.updatesreceivers.DefaultBotSession$ReaderThread.getUpdatesFromServer(DefaultBotSession.java:249) ~[telegrambots-6.9.7.1.jar:na]
	at org.telegram.telegrambots.updatesreceivers.DefaultBotSession$ReaderThread.run(DefaultBotSession.java:188) ~[telegrambots-6.9.7.1.jar:na]
Caused by: java.net.ConnectException: Connection timed out: no further information
	at java.base/sun.nio.ch.Net.pollConnect(Native Method) ~[na:na]
	at java.base/sun.nio.ch.Net.pollConnectNow(Net.java:672) ~[na:na]
	at java.base/sun.nio.ch.NioSocketImpl.timedFinishConnect(NioSocketImpl.java:554) ~[na:na]
	at java.base/sun.nio.ch.NioSocketImpl.connect(NioSocketImpl.java:602) ~[na:na]
	at java.base/java.net.SocksSocketImpl.connect(SocksSocketImpl.java:327) ~[na:na]
	at java.base/java.net.Socket.connect(Socket.java:633) ~[na:na]
	at org.apache.http.conn.ssl.SSLConnectionSocketFactory.connectSocket(SSLConnectionSocketFactory.java:368) ~[httpclient-4.5.14.jar:4.5.14]
	at org.apache.http.impl.conn.DefaultHttpClientConnectionOperator.connect(DefaultHttpClientConnectionOperator.java:142) ~[httpclient-4.5.14.jar:4.5.14]
	... 10 common frames omitted

2026-07-09T10:48:21.983+05:00 ERROR 61792 --- [channelpulse] [gram Connection] o.t.t.u.DefaultBotSession                : Connect to api.telegram.org:443 [api.telegram.org/149.154.166.110] failed: Connection timed out: no further information

org.apache.http.conn.HttpHostConnectException: Connect to api.telegram.org:443 [api.telegram.org/149.154.166.110] failed: Connection timed out: no further information
	at org.apache.http.impl.conn.DefaultHttpClientConnectionOperator.connect(DefaultHttpClientConnectionOperator.java:156) ~[httpclient-4.5.14.jar:4.5.14]
	at org.apache.http.impl.conn.PoolingHttpClientConnectionManager.connect(PoolingHttpClientConnectionManager.java:376) ~[httpclient-4.5.14.jar:4.5.14]
	at org.apache.http.impl.execchain.MainClientExec.establishRoute(MainClientExec.java:393) ~[httpclient-4.5.14.jar:4.5.14]
	at org.apache.http.impl.execchain.MainClientExec.execute(MainClientExec.java:236) ~[httpclient-4.5.14.jar:4.5.14]
	at org.apache.http.impl.execchain.ProtocolExec.execute(ProtocolExec.java:186) ~[httpclient-4.5.14.jar:4.5.14]
	at org.apache.http.impl.execchain.RetryExec.execute(RetryExec.java:89) ~[httpclient-4.5.14.jar:4.5.14]
	at org.apache.http.impl.execchain.RedirectExec.execute(RedirectExec.java:110) ~[httpclient-4.5.14.jar:4.5.14]
	at org.apache.http.impl.client.InternalHttpClient.doExecute(InternalHttpClient.java:185) ~[httpclient-4.5.14.jar:4.5.14]
	at org.apache.http.impl.client.CloseableHttpClient.execute(CloseableHttpClient.java:83) ~[httpclient-4.5.14.jar:4.5.14]
	at org.telegram.telegrambots.updatesreceivers.DefaultBotSession$ReaderThread.getUpdatesFromServer(DefaultBotSession.java:249) ~[telegrambots-6.9.7.1.jar:na]
	at org.telegram.telegrambots.updatesreceivers.DefaultBotSession$ReaderThread.run(DefaultBotSession.java:188) ~[telegrambots-6.9.7.1.jar:na]
Caused by: java.net.ConnectException: Connection timed out: no further information
	at java.base/sun.nio.ch.Net.pollConnect(Native Method) ~[na:na]
	at java.base/sun.nio.ch.Net.pollConnectNow(Net.java:672) ~[na:na]
	at java.base/sun.nio.ch.NioSocketImpl.timedFinishConnect(NioSocketImpl.java:554) ~[na:na]
	at java.base/sun.nio.ch.NioSocketImpl.connect(NioSocketImpl.java:602) ~[na:na]
	at java.base/java.net.SocksSocketImpl.connect(SocksSocketImpl.java:327) ~[na:na]
	at java.base/java.net.Socket.connect(Socket.java:633) ~[na:na]
	at org.apache.http.conn.ssl.SSLConnectionSocketFactory.connectSocket(SSLConnectionSocketFactory.java:368) ~[httpclient-4.5.14.jar:4.5.14]
	at org.apache.http.impl.conn.DefaultHttpClientConnectionOperator.connect(DefaultHttpClientConnectionOperator.java:142) ~[httpclient-4.5.14.jar:4.5.14]
	... 10 common frames omitted

2026-07-09T10:48:43.533+05:00 ERROR 61792 --- [channelpulse] [gram Connection] o.t.t.u.DefaultBotSession                : Connect to api.telegram.org:443 [api.telegram.org/149.154.166.110] failed: Connection timed out: no further information

org.apache.http.conn.HttpHostConnectException: Connect to api.telegram.org:443 [api.telegram.org/149.154.166.110] failed: Connection timed out: no further information
	at org.apache.http.impl.conn.DefaultHttpClientConnectionOperator.connect(DefaultHttpClientConnectionOperator.java:156) ~[httpclient-4.5.14.jar:4.5.14]
	at org.apache.http.impl.conn.PoolingHttpClientConnectionManager.connect(PoolingHttpClientConnectionManager.java:376) ~[httpclient-4.5.14.jar:4.5.14]
	at org.apache.http.impl.execchain.MainClientExec.establishRoute(MainClientExec.java:393) ~[httpclient-4.5.14.jar:4.5.14]
	at org.apache.http.impl.execchain.MainClientExec.execute(MainClientExec.java:236) ~[httpclient-4.5.14.jar:4.5.14]
	at org.apache.http.impl.execchain.ProtocolExec.execute(ProtocolExec.java:186) ~[httpclient-4.5.14.jar:4.5.14]
	at org.apache.http.impl.execchain.RetryExec.execute(RetryExec.java:89) ~[httpclient-4.5.14.jar:4.5.14]
	at org.apache.http.impl.execchain.RedirectExec.execute(RedirectExec.java:110) ~[httpclient-4.5.14.jar:4.5.14]
	at org.apache.http.impl.client.InternalHttpClient.doExecute(InternalHttpClient.java:185) ~[httpclient-4.5.14.jar:4.5.14]
	at org.apache.http.impl.client.CloseableHttpClient.execute(CloseableHttpClient.java:83) ~[httpclient-4.5.14.jar:4.5.14]
	at org.telegram.telegrambots.updatesreceivers.DefaultBotSession$ReaderThread.getUpdatesFromServer(DefaultBotSession.java:249) ~[telegrambots-6.9.7.1.jar:na]
	at org.telegram.telegrambots.updatesreceivers.DefaultBotSession$ReaderThread.run(DefaultBotSession.java:188) ~[telegrambots-6.9.7.1.jar:na]
Caused by: java.net.ConnectException: Connection timed out: no further information
	at java.base/sun.nio.ch.Net.pollConnect(Native Method) ~[na:na]
	at java.base/sun.nio.ch.Net.pollConnectNow(Net.java:672) ~[na:na]
	at java.base/sun.nio.ch.NioSocketImpl.timedFinishConnect(NioSocketImpl.java:554) ~[na:na]
	at java.base/sun.nio.ch.NioSocketImpl.connect(NioSocketImpl.java:602) ~[na:na]
	at java.base/java.net.SocksSocketImpl.connect(SocksSocketImpl.java:327) ~[na:na]
	at java.base/java.net.Socket.connect(Socket.java:633) ~[na:na]
	at org.apache.http.conn.ssl.SSLConnectionSocketFactory.connectSocket(SSLConnectionSocketFactory.java:368) ~[httpclient-4.5.14.jar:4.5.14]
	at org.apache.http.impl.conn.DefaultHttpClientConnectionOperator.connect(DefaultHttpClientConnectionOperator.java:142) ~[httpclient-4.5.14.jar:4.5.14]
	... 10 common frames omitted

2026-07-09T10:49:05.097+05:00 ERROR 61792 --- [channelpulse] [gram Connection] o.t.t.u.DefaultBotSession                : Connect to api.telegram.org:443 [api.telegram.org/149.154.166.110] failed: Connection timed out: no further information

org.apache.http.conn.HttpHostConnectException: Connect to api.telegram.org:443 [api.telegram.org/149.154.166.110] failed: Connection timed out: no further information
	at org.apache.http.impl.conn.DefaultHttpClientConnectionOperator.connect(DefaultHttpClientConnectionOperator.java:156) ~[httpclient-4.5.14.jar:4.5.14]
	at org.apache.http.impl.conn.PoolingHttpClientConnectionManager.connect(PoolingHttpClientConnectionManager.java:376) ~[httpclient-4.5.14.jar:4.5.14]
	at org.apache.http.impl.execchain.MainClientExec.establishRoute(MainClientExec.java:393) ~[httpclient-4.5.14.jar:4.5.14]
	at org.apache.http.impl.execchain.MainClientExec.execute(MainClientExec.java:236) ~[httpclient-4.5.14.jar:4.5.14]
	at org.apache.http.impl.execchain.ProtocolExec.execute(ProtocolExec.java:186) ~[httpclient-4.5.14.jar:4.5.14]
	at org.apache.http.impl.execchain.RetryExec.execute(RetryExec.java:89) ~[httpclient-4.5.14.jar:4.5.14]
	at org.apache.http.impl.execchain.RedirectExec.execute(RedirectExec.java:110) ~[httpclient-4.5.14.jar:4.5.14]
	at org.apache.http.impl.client.InternalHttpClient.doExecute(InternalHttpClient.java:185) ~[httpclient-4.5.14.jar:4.5.14]
	at org.apache.http.impl.client.CloseableHttpClient.execute(CloseableHttpClient.java:83) ~[httpclient-4.5.14.jar:4.5.14]
	at org.telegram.telegrambots.updatesreceivers.DefaultBotSession$ReaderThread.getUpdatesFromServer(DefaultBotSession.java:249) ~[telegrambots-6.9.7.1.jar:na]
	at org.telegram.telegrambots.updatesreceivers.DefaultBotSession$ReaderThread.run(DefaultBotSession.java:188) ~[telegrambots-6.9.7.1.jar:na]
Caused by: java.net.ConnectException: Connection timed out: no further information
	at java.base/sun.nio.ch.Net.pollConnect(Native Method) ~[na:na]
	at java.base/sun.nio.ch.Net.pollConnectNow(Net.java:672) ~[na:na]
	at java.base/sun.nio.ch.NioSocketImpl.timedFinishConnect(NioSocketImpl.java:554) ~[na:na]
	at java.base/sun.nio.ch.NioSocketImpl.connect(NioSocketImpl.java:602) ~[na:na]
	at java.base/java.net.SocksSocketImpl.connect(SocksSocketImpl.java:327) ~[na:na]
	at java.base/java.net.Socket.connect(Socket.java:633) ~[na:na]
	at org.apache.http.conn.ssl.SSLConnectionSocketFactory.connectSocket(SSLConnectionSocketFactory.java:368) ~[httpclient-4.5.14.jar:4.5.14]
	at org.apache.http.impl.conn.DefaultHttpClientConnectionOperator.connect(DefaultHttpClientConnectionOperator.java:142) ~[httpclient-4.5.14.jar:4.5.14]
	... 10 common frames omitted

2026-07-09T10:49:26.639+05:00 ERROR 61792 --- [channelpulse] [gram Connection] o.t.t.u.DefaultBotSession                : Connect to api.telegram.org:443 [api.telegram.org/149.154.166.110] failed: Connection timed out: no further information

org.apache.http.conn.HttpHostConnectException: Connect to api.telegram.org:443 [api.telegram.org/149.154.166.110] failed: Connection timed out: no further information
	at org.apache.http.impl.conn.DefaultHttpClientConnectionOperator.connect(DefaultHttpClientConnectionOperator.java:156) ~[httpclient-4.5.14.jar:4.5.14]
	at org.apache.http.impl.conn.PoolingHttpClientConnectionManager.connect(PoolingHttpClientConnectionManager.java:376) ~[httpclient-4.5.14.jar:4.5.14]
	at org.apache.http.impl.execchain.MainClientExec.establishRoute(MainClientExec.java:393) ~[httpclient-4.5.14.jar:4.5.14]
	at org.apache.http.impl.execchain.MainClientExec.execute(MainClientExec.java:236) ~[httpclient-4.5.14.jar:4.5.14]
	at org.apache.http.impl.execchain.ProtocolExec.execute(ProtocolExec.java:186) ~[httpclient-4.5.14.jar:4.5.14]
	at org.apache.http.impl.execchain.RetryExec.execute(RetryExec.java:89) ~[httpclient-4.5.14.jar:4.5.14]
	at org.apache.http.impl.execchain.RedirectExec.execute(RedirectExec.java:110) ~[httpclient-4.5.14.jar:4.5.14]
	at org.apache.http.impl.client.InternalHttpClient.doExecute(InternalHttpClient.java:185) ~[httpclient-4.5.14.jar:4.5.14]
	at org.apache.http.impl.client.CloseableHttpClient.execute(CloseableHttpClient.java:83) ~[httpclient-4.5.14.jar:4.5.14]
	at org.telegram.telegrambots.updatesreceivers.DefaultBotSession$ReaderThread.getUpdatesFromServer(DefaultBotSession.java:249) ~[telegrambots-6.9.7.1.jar:na]
	at org.telegram.telegrambots.updatesreceivers.DefaultBotSession$ReaderThread.run(DefaultBotSession.java:188) ~[telegrambots-6.9.7.1.jar:na]
Caused by: java.net.ConnectException: Connection timed out: no further information
	at java.base/sun.nio.ch.Net.pollConnect(Native Method) ~[na:na]
	at java.base/sun.nio.ch.Net.pollConnectNow(Net.java:672) ~[na:na]
	at java.base/sun.nio.ch.NioSocketImpl.timedFinishConnect(NioSocketImpl.java:554) ~[na:na]
	at java.base/sun.nio.ch.NioSocketImpl.connect(NioSocketImpl.java:602) ~[na:na]
	at java.base/java.net.SocksSocketImpl.connect(SocksSocketImpl.java:327) ~[na:na]
	at java.base/java.net.Socket.connect(Socket.java:633) ~[na:na]
	at org.apache.http.conn.ssl.SSLConnectionSocketFactory.connectSocket(SSLConnectionSocketFactory.java:368) ~[httpclient-4.5.14.jar:4.5.14]
	at org.apache.http.impl.conn.DefaultHttpClientConnectionOperator.connect(DefaultHttpClientConnectionOperator.java:142) ~[httpclient-4.5.14.jar:4.5.14]
	... 10 common frames omitted

2026-07-09T10:49:48.210+05:00 ERROR 61792 --- [channelpulse] [gram Connection] o.t.t.u.DefaultBotSession                : Connect to api.telegram.org:443 [api.telegram.org/149.154.166.110] failed: Connection timed out: no further information

org.apache.http.conn.HttpHostConnectException: Connect to api.telegram.org:443 [api.telegram.org/149.154.166.110] failed: Connection timed out: no further information
	at org.apache.http.impl.conn.DefaultHttpClientConnectionOperator.connect(DefaultHttpClientConnectionOperator.java:156) ~[httpclient-4.5.14.jar:4.5.14]
	at org.apache.http.impl.conn.PoolingHttpClientConnectionManager.connect(PoolingHttpClientConnectionManager.java:376) ~[httpclient-4.5.14.jar:4.5.14]
	at org.apache.http.impl.execchain.MainClientExec.establishRoute(MainClientExec.java:393) ~[httpclient-4.5.14.jar:4.5.14]
	at org.apache.http.impl.execchain.MainClientExec.execute(MainClientExec.java:236) ~[httpclient-4.5.14.jar:4.5.14]
	at org.apache.http.impl.execchain.ProtocolExec.execute(ProtocolExec.java:186) ~[httpclient-4.5.14.jar:4.5.14]
	at org.apache.http.impl.execchain.RetryExec.execute(RetryExec.java:89) ~[httpclient-4.5.14.jar:4.5.14]
	at org.apache.http.impl.execchain.RedirectExec.execute(RedirectExec.java:110) ~[httpclient-4.5.14.jar:4.5.14]
	at org.apache.http.impl.client.InternalHttpClient.doExecute(InternalHttpClient.java:185) ~[httpclient-4.5.14.jar:4.5.14]
	at org.apache.http.impl.client.CloseableHttpClient.execute(CloseableHttpClient.java:83) ~[httpclient-4.5.14.jar:4.5.14]
	at org.telegram.telegrambots.updatesreceivers.DefaultBotSession$ReaderThread.getUpdatesFromServer(DefaultBotSession.java:249) ~[telegrambots-6.9.7.1.jar:na]
	at org.telegram.telegrambots.updatesreceivers.DefaultBotSession$ReaderThread.run(DefaultBotSession.java:188) ~[telegrambots-6.9.7.1.jar:na]
Caused by: java.net.ConnectException: Connection timed out: no further information
	at java.base/sun.nio.ch.Net.pollConnect(Native Method) ~[na:na]
	at java.base/sun.nio.ch.Net.pollConnectNow(Net.java:672) ~[na:na]
	at java.base/sun.nio.ch.NioSocketImpl.timedFinishConnect(NioSocketImpl.java:554) ~[na:na]
	at java.base/sun.nio.ch.NioSocketImpl.connect(NioSocketImpl.java:602) ~[na:na]
	at java.base/java.net.SocksSocketImpl.connect(SocksSocketImpl.java:327) ~[na:na]
	at java.base/java.net.Socket.connect(Socket.java:633) ~[na:na]
	at org.apache.http.conn.ssl.SSLConnectionSocketFactory.connectSocket(SSLConnectionSocketFactory.java:368) ~[httpclient-4.5.14.jar:4.5.14]
	at org.apache.http.impl.conn.DefaultHttpClientConnectionOperator.connect(DefaultHttpClientConnectionOperator.java:142) ~[httpclient-4.5.14.jar:4.5.14]
	... 10 common frames omitted

2026-07-09T11:00:15.254+05:00 ERROR 61792 --- [channelpulse] [gram Connection] o.t.t.u.DefaultBotSession                : Remote host terminated the handshake

javax.net.ssl.SSLHandshakeException: Remote host terminated the handshake
	at java.base/sun.security.ssl.SSLSocketImpl.handleEOF(SSLSocketImpl.java:1715) ~[na:na]
	at java.base/sun.security.ssl.SSLSocketImpl.decode(SSLSocketImpl.java:1514) ~[na:na]
	at java.base/sun.security.ssl.SSLSocketImpl.readHandshakeRecord(SSLSocketImpl.java:1421) ~[na:na]
	at java.base/sun.security.ssl.SSLSocketImpl.startHandshake(SSLSocketImpl.java:455) ~[na:na]
	at java.base/sun.security.ssl.SSLSocketImpl.startHandshake(SSLSocketImpl.java:426) ~[na:na]
	at org.apache.http.conn.ssl.SSLConnectionSocketFactory.createLayeredSocket(SSLConnectionSocketFactory.java:436) ~[httpclient-4.5.14.jar:4.5.14]
	at org.apache.http.conn.ssl.SSLConnectionSocketFactory.connectSocket(SSLConnectionSocketFactory.java:384) ~[httpclient-4.5.14.jar:4.5.14]
	at org.apache.http.impl.conn.DefaultHttpClientConnectionOperator.connect(DefaultHttpClientConnectionOperator.java:142) ~[httpclient-4.5.14.jar:4.5.14]
	at org.apache.http.impl.conn.PoolingHttpClientConnectionManager.connect(PoolingHttpClientConnectionManager.java:376) ~[httpclient-4.5.14.jar:4.5.14]
	at org.apache.http.impl.execchain.MainClientExec.establishRoute(MainClientExec.java:393) ~[httpclient-4.5.14.jar:4.5.14]
	at org.apache.http.impl.execchain.MainClientExec.execute(MainClientExec.java:236) ~[httpclient-4.5.14.jar:4.5.14]
	at org.apache.http.impl.execchain.ProtocolExec.execute(ProtocolExec.java:186) ~[httpclient-4.5.14.jar:4.5.14]
	at org.apache.http.impl.execchain.RetryExec.execute(RetryExec.java:89) ~[httpclient-4.5.14.jar:4.5.14]
	at org.apache.http.impl.execchain.RedirectExec.execute(RedirectExec.java:110) ~[httpclient-4.5.14.jar:4.5.14]
	at org.apache.http.impl.client.InternalHttpClient.doExecute(InternalHttpClient.java:185) ~[httpclient-4.5.14.jar:4.5.14]
	at org.apache.http.impl.client.CloseableHttpClient.execute(CloseableHttpClient.java:83) ~[httpclient-4.5.14.jar:4.5.14]
	at org.telegram.telegrambots.updatesreceivers.DefaultBotSession$ReaderThread.getUpdatesFromServer(DefaultBotSession.java:249) ~[telegrambots-6.9.7.1.jar:na]
	at org.telegram.telegrambots.updatesreceivers.DefaultBotSession$ReaderThread.run(DefaultBotSession.java:188) ~[telegrambots-6.9.7.1.jar:na]
Caused by: java.io.EOFException: SSL peer shut down incorrectly
	at java.base/sun.security.ssl.SSLSocketInputRecord.read(SSLSocketInputRecord.java:489) ~[na:na]
	at java.base/sun.security.ssl.SSLSocketInputRecord.readHeader(SSLSocketInputRecord.java:478) ~[na:na]
	at java.base/sun.security.ssl.SSLSocketInputRecord.decode(SSLSocketInputRecord.java:160) ~[na:na]
	at java.base/sun.security.ssl.SSLTransport.decode(SSLTransport.java:111) ~[na:na]
	at java.base/sun.security.ssl.SSLSocketImpl.decode(SSLSocketImpl.java:1506) ~[na:na]
	... 16 common frames omitted

2026-07-09T11:02:15.904+05:00 ERROR 61792 --- [channelpulse] [gram Connection] o.t.t.u.DefaultBotSession                : Connect to api.telegram.org:443 [api.telegram.org/149.154.166.110] failed: Read timed out

org.apache.http.conn.ConnectTimeoutException: Connect to api.telegram.org:443 [api.telegram.org/149.154.166.110] failed: Read timed out
	at org.apache.http.impl.conn.DefaultHttpClientConnectionOperator.connect(DefaultHttpClientConnectionOperator.java:151) ~[httpclient-4.5.14.jar:4.5.14]
	at org.apache.http.impl.conn.PoolingHttpClientConnectionManager.connect(PoolingHttpClientConnectionManager.java:376) ~[httpclient-4.5.14.jar:4.5.14]
	at org.apache.http.impl.execchain.MainClientExec.establishRoute(MainClientExec.java:393) ~[httpclient-4.5.14.jar:4.5.14]
	at org.apache.http.impl.execchain.MainClientExec.execute(MainClientExec.java:236) ~[httpclient-4.5.14.jar:4.5.14]
	at org.apache.http.impl.execchain.ProtocolExec.execute(ProtocolExec.java:186) ~[httpclient-4.5.14.jar:4.5.14]
	at org.apache.http.impl.execchain.RetryExec.execute(RetryExec.java:89) ~[httpclient-4.5.14.jar:4.5.14]
	at org.apache.http.impl.execchain.RedirectExec.execute(RedirectExec.java:110) ~[httpclient-4.5.14.jar:4.5.14]
	at org.apache.http.impl.client.InternalHttpClient.doExecute(InternalHttpClient.java:185) ~[httpclient-4.5.14.jar:4.5.14]
	at org.apache.http.impl.client.CloseableHttpClient.execute(CloseableHttpClient.java:83) ~[httpclient-4.5.14.jar:4.5.14]
	at org.telegram.telegrambots.updatesreceivers.DefaultBotSession$ReaderThread.getUpdatesFromServer(DefaultBotSession.java:249) ~[telegrambots-6.9.7.1.jar:na]
	at org.telegram.telegrambots.updatesreceivers.DefaultBotSession$ReaderThread.run(DefaultBotSession.java:188) ~[telegrambots-6.9.7.1.jar:na]
Caused by: java.net.SocketTimeoutException: Read timed out
	at java.base/sun.nio.ch.NioSocketImpl.timedRead(NioSocketImpl.java:288) ~[na:na]
	at java.base/sun.nio.ch.NioSocketImpl.implRead(NioSocketImpl.java:314) ~[na:na]
	at java.base/sun.nio.ch.NioSocketImpl.read(NioSocketImpl.java:355) ~[na:na]
	at java.base/sun.nio.ch.NioSocketImpl$1.read(NioSocketImpl.java:808) ~[na:na]
	at java.base/java.net.Socket$SocketInputStream.read(Socket.java:966) ~[na:na]
	at java.base/sun.security.ssl.SSLSocketInputRecord.read(SSLSocketInputRecord.java:484) ~[na:na]
	at java.base/sun.security.ssl.SSLSocketInputRecord.readHeader(SSLSocketInputRecord.java:478) ~[na:na]
	at java.base/sun.security.ssl.SSLSocketInputRecord.decode(SSLSocketInputRecord.java:160) ~[na:na]
	at java.base/sun.security.ssl.SSLTransport.decode(SSLTransport.java:111) ~[na:na]
	at java.base/sun.security.ssl.SSLSocketImpl.decode(SSLSocketImpl.java:1506) ~[na:na]
	at java.base/sun.security.ssl.SSLSocketImpl.readHandshakeRecord(SSLSocketImpl.java:1421) ~[na:na]
	at java.base/sun.security.ssl.SSLSocketImpl.startHandshake(SSLSocketImpl.java:455) ~[na:na]
	at java.base/sun.security.ssl.SSLSocketImpl.startHandshake(SSLSocketImpl.java:426) ~[na:na]
	at org.apache.http.conn.ssl.SSLConnectionSocketFactory.createLayeredSocket(SSLConnectionSocketFactory.java:436) ~[httpclient-4.5.14.jar:4.5.14]
	at org.apache.http.conn.ssl.SSLConnectionSocketFactory.connectSocket(SSLConnectionSocketFactory.java:384) ~[httpclient-4.5.14.jar:4.5.14]
	at org.apache.http.impl.conn.DefaultHttpClientConnectionOperator.connect(DefaultHttpClientConnectionOperator.java:142) ~[httpclient-4.5.14.jar:4.5.14]
	... 10 common frames omitted

2026-07-09T11:17:54.261+05:00 ERROR 61792 --- [channelpulse] [gram Connection] o.t.t.u.DefaultBotSession                : Connect to api.telegram.org:443 [api.telegram.org/149.154.166.110] failed: Connection timed out: no further information

org.apache.http.conn.HttpHostConnectException: Connect to api.telegram.org:443 [api.telegram.org/149.154.166.110] failed: Connection timed out: no further information
	at org.apache.http.impl.conn.DefaultHttpClientConnectionOperator.connect(DefaultHttpClientConnectionOperator.java:156) ~[httpclient-4.5.14.jar:4.5.14]
	at org.apache.http.impl.conn.PoolingHttpClientConnectionManager.connect(PoolingHttpClientConnectionManager.java:376) ~[httpclient-4.5.14.jar:4.5.14]
	at org.apache.http.impl.execchain.MainClientExec.establishRoute(MainClientExec.java:393) ~[httpclient-4.5.14.jar:4.5.14]
	at org.apache.http.impl.execchain.MainClientExec.execute(MainClientExec.java:236) ~[httpclient-4.5.14.jar:4.5.14]
	at org.apache.http.impl.execchain.ProtocolExec.execute(ProtocolExec.java:186) ~[httpclient-4.5.14.jar:4.5.14]
	at org.apache.http.impl.execchain.RetryExec.execute(RetryExec.java:89) ~[httpclient-4.5.14.jar:4.5.14]
	at org.apache.http.impl.execchain.RedirectExec.execute(RedirectExec.java:110) ~[httpclient-4.5.14.jar:4.5.14]
	at org.apache.http.impl.client.InternalHttpClient.doExecute(InternalHttpClient.java:185) ~[httpclient-4.5.14.jar:4.5.14]
	at org.apache.http.impl.client.CloseableHttpClient.execute(CloseableHttpClient.java:83) ~[httpclient-4.5.14.jar:4.5.14]
	at org.telegram.telegrambots.updatesreceivers.DefaultBotSession$ReaderThread.getUpdatesFromServer(DefaultBotSession.java:249) ~[telegrambots-6.9.7.1.jar:na]
	at org.telegram.telegrambots.updatesreceivers.DefaultBotSession$ReaderThread.run(DefaultBotSession.java:188) ~[telegrambots-6.9.7.1.jar:na]
Caused by: java.net.ConnectException: Connection timed out: no further information
	at java.base/sun.nio.ch.Net.pollConnect(Native Method) ~[na:na]
	at java.base/sun.nio.ch.Net.pollConnectNow(Net.java:672) ~[na:na]
	at java.base/sun.nio.ch.NioSocketImpl.timedFinishConnect(NioSocketImpl.java:554) ~[na:na]
	at java.base/sun.nio.ch.NioSocketImpl.connect(NioSocketImpl.java:602) ~[na:na]
	at java.base/java.net.SocksSocketImpl.connect(SocksSocketImpl.java:327) ~[na:na]
	at java.base/java.net.Socket.connect(Socket.java:633) ~[na:na]
	at org.apache.http.conn.ssl.SSLConnectionSocketFactory.connectSocket(SSLConnectionSocketFactory.java:368) ~[httpclient-4.5.14.jar:4.5.14]
	at org.apache.http.impl.conn.DefaultHttpClientConnectionOperator.connect(DefaultHttpClientConnectionOperator.java:142) ~[httpclient-4.5.14.jar:4.5.14]
	... 10 common frames omitted

2026-07-09T11:27:18.117+05:00  INFO 61792 --- [channelpulse] [legram Executor] o.e.p.domain.channel.ChannelService      : Channel connected: userId=1, channelId=129, title=Art Is New Sexy ?
2026-07-09T11:27:18.911+05:00  WARN 61792 --- [channelpulse] [legram Executor] o.e.p.stats.external.TgstatApiClient     : TGStat /channels/posts error: quota_foreign_channel
2026-07-09T11:27:20.608+05:00  INFO 61792 --- [channelpulse] [legram Executor] o.e.pulse_ai.stats.ChannelSyncService    : Sync ърэры 129: +30 яюёЄют, тёхую 30
2026-07-09T11:27:21.126+05:00  WARN 61792 --- [channelpulse] [legram Executor] o.e.p.stats.external.TgstatApiClient     : TGStat /channels/posts error: quota_foreign_channel
2026-07-09T11:27:21.700+05:00  INFO 61792 --- [channelpulse] [legram Executor] o.e.pulse_ai.stats.ChannelSyncService    : Sync ърэры 129: +30 яюёЄют, тёхую 30
2026-07-09T11:27:24.882+05:00  WARN 61792 --- [channelpulse] [         task-1] o.e.p.stats.external.TgstatApiClient     : TGStat /channels/posts error: quota_foreign_channel
2026-07-09T11:27:26.684+05:00  INFO 61792 --- [channelpulse] [         task-1] o.e.pulse_ai.stats.ChannelSyncService    : Sync ърэры 129: +87 яюёЄют, тёхую 87
2026-07-09T11:27:26.685+05:00  INFO 61792 --- [channelpulse] [         task-1] o.e.p.domain.analysis.AnalysisWorker     : Request 321: posts ready, total=87, category=null
2026-07-09T11:27:27.222+05:00  WARN 61792 --- [channelpulse] [         task-1] o.e.p.stats.external.TgstatApiClient     : TGStat /channels/stat error: quota_foreign_channel
2026-07-09T11:27:27.383+05:00  WARN 61792 --- [channelpulse] [pool-4-thread-3] o.e.p.stats.external.TgstatApiClient     : TGStat /channels/stat error: quota_foreign_channel
2026-07-09T11:27:28.074+05:00  WARN 61792 --- [channelpulse] [pool-4-thread-1] o.e.p.stats.external.TelegaScraper       : Telega.in scrape failed for @artisnewsexy: HTTP error fetching URL. Status=404, URL=[https://telega.in/catalog/@artisnewsexy]
2026-07-09T11:27:28.713+05:00  WARN 61792 --- [channelpulse] [         task-1] o.e.p.stats.external.TgstatApiClient     : TGStat /channels/subscribers error: no_active_subscription
2026-07-09T11:27:29.533+05:00  WARN 61792 --- [channelpulse] [onPool-worker-1] o.e.pulse_ai.ai.ProxyApiOpenAiClient     : ProxyAPI retry 1/3 after 429 TOO_MANY_REQUESTS
2026-07-09T11:27:29.828+05:00  WARN 61792 --- [channelpulse] [onPool-worker-1] o.e.pulse_ai.ai.ProxyApiOpenAiClient     : ProxyAPI retry 2/3 after 429 TOO_MANY_REQUESTS
2026-07-09T11:27:30.115+05:00  WARN 61792 --- [channelpulse] [         task-1] o.e.p.d.a.ChannelDeepAnalysisService     : Deep LLM analysis failed, using fallback: LLM call failed: java.lang.IllegalStateException: ProxyAPI error 429: {"detail":"Too many requests"}
2026-07-09T11:27:30.540+05:00  WARN 61792 --- [channelpulse] [onPool-worker-1] o.e.pulse_ai.ai.ProxyApiOpenAiClient     : ProxyAPI retry 1/3 after 429 TOO_MANY_REQUESTS
2026-07-09T11:27:30.798+05:00  WARN 61792 --- [channelpulse] [onPool-worker-1] o.e.pulse_ai.ai.ProxyApiOpenAiClient     : ProxyAPI retry 2/3 after 429 TOO_MANY_REQUESTS
2026-07-09T11:27:31.064+05:00  WARN 61792 --- [channelpulse] [         task-1] o.e.p.d.analysis.IdeasGenerationService  : LLM ideas failed (60s), using fallback: LLM call failed: java.lang.IllegalStateException: ProxyAPI error 429: {"detail":"Too many requests"}
2026-07-09T11:29:05.485+05:00  WARN 61792 --- [channelpulse] [legram Executor] o.e.p.telegram.TelegramMessageSender     : ═х єфрыюё№ юЄтхЄшЄ№ эр callback: Unable to execute answercallbackquery method

> Task :bootRun FAILED
4 actionable tasks: 3 executed, 1 up-to-date
.\gradlew.bat : 
C:\Users\ilari\AppData\Local\Temp\ps-script-8c1c5607-4105-4dae-a7a9-034fecec53cc.ps1:104 знак:136
+ ... tion SilentlyContinue; .\gradlew.bat bootRun --no-daemon 2>&1 | Out-F ...
+                            ~~~~~~~~~~~~~~~~~~~~~~~~~~~~~~~~~~~~~~
    + CategoryInfo          : NotSpecified: (:String) [], RemoteException
    + FullyQualifiedErrorId : NativeCommandError
 
FAILURE: Build failed with an exception.

* What went wrong:
Execution failed for task ':bootRun' (registered by plugin 'org.springframework.boot').
> Process 'command 'C:\Program Files\Java\jdk-17\bin\java.exe'' finished with non-zero exit value 1

* Try:
> Run with --stacktrace option to get the stack trace.
> Run with --info or --debug option to get more log output.
> Run with --scan to get full insights from a Build Scan (powered by Develocity).
> Get more help at https://help.gradle.org.

BUILD FAILED in 13h 14m 6s
